1,bf8622be3da3916acf262c77366a7e4690d29a5d,12/06/18 3:16,https://totalhash.cymru.com/
2,b721f79a0d42d6e0a47abac4902b00ee7e3023db,12/06/18 2:29,https://totalhash.cymru.com/
3,28520b88f573707cae485084bae36ff3758ed42e,12/06/18 1:50,https://totalhash.cymru.com/
4,873a5b89c381ec579b94fa6a79938942fbc63c37,12/06/18 1:23,https://totalhash.cymru.com/
5,3481535105dddee2e83cb131b8838c45df2e6d52,12/06/18 1:20,https://totalhash.cymru.com/
6,4077432699f2bed11b8614052dd3fe20f19feaa1,12/06/18 1:00,https://totalhash.cymru.com/
7,7ce550d5ed5a6feed1c6cf431a7962fafcbf3570,12/06/18 0:27,https://totalhash.cymru.com/
8,799203399576bcf1d3548276a025731ef3be1282,11/06/18 23:02,https://totalhash.cymru.com/
9,4db85d86897b1cb15b8326ad99957ceaac33905e,11/06/18 22:52,https://totalhash.cymru.com/
10,0fd945a89fbf3c9c74b98f2180cbe7bfa15f15ba,11/06/18 22:36,https://totalhash.cymru.com/
11,5ad673779c24e629e4d0d0868af3d7c8974f97c9,11/06/18 19:19,https://totalhash.cymru.com/
12,d64919aceb6dbb87e9db404d2ef02ce95bd13e65,11/06/18 16:50,https://totalhash.cymru.com/
13,a0c2b2d3256c69e3937686edd16b6e7c0526d1f9,11/06/18 16:50,https://totalhash.cymru.com/
14,99a1ae37516f36275b57a34cca49aa290dedca66,11/06/18 16:14,https://totalhash.cymru.com/
15,adedea763b5d20067cad09cc3549c937f5c5be21,11/06/18 14:16,https://totalhash.cymru.com/
16,089605a52b39d68ff4f43fed42c15211f9f3c961,11/06/18 14:07,https://totalhash.cymru.com/
17,453fd8836f603f050e6a6deb13966744a36ba724,11/06/18 14:05,https://totalhash.cymru.com/
18,02f486c94e5653861e9d6b8253aea109e1dedbc4,11/06/18 14:03,https://totalhash.cymru.com/
19,04dfc6dcf9338ec9e7dbd4aa0e1b48f46b00bfbf,11/06/18 13:41,https://totalhash.cymru.com/
20,07660b59bcb75c21c5a332de49370cb5dee7ed28,11/06/18 13:35,https://totalhash.cymru.com/
22,5cda64ad8d9e0b7cb263c889e1265e4521ec33d0,11/06/18 13:32,https://totalhash.cymru.com/
23,cf85f271fd3b202517e1244150ec35f0525394da,11/06/18 11:09,https://totalhash.cymru.com/
24,4fc387a076984886fae63127f056aaddfe023980,11/06/18 10:30,https://totalhash.cymru.com/
25,e28b0921fdf0e5d9f41f708d73d253d1adb9e163,11/06/18 10:25,https://totalhash.cymru.com/
26,a639d22aac1ac77dbad453d08f664af59c8213ab,11/06/18 9:49,https://totalhash.cymru.com/
27,c120d4b38f12da766227c6276fe8db677b075b97,11/06/18 9:45,https://totalhash.cymru.com/
28,55e478fa17ff368d3641e38d43c0ad3d9427c85c,11/06/18 9:40,https://totalhash.cymru.com/
29,e99cf3e60b35d4812a420519f7efd5069387ae1c,11/06/18 9:06,https://totalhash.cymru.com/
30,740d78025f8aeb5d3546e4db4c69079d63343259,11/06/18 8:41,https://totalhash.cymru.com/
31,4d9bef86178a9ed1699778c37aa4f6091381ad0e,11/06/18 8:17,https://totalhash.cymru.com/
32,9e5d992946abcc10f319bc7ce6166c219a95afae,11/06/18 8:14,https://totalhash.cymru.com/
33,bf76854d9105497482684f07abe46098755a2ed9,11/06/18 8:13,https://totalhash.cymru.com/
34,c728227207176bea71427567c9e4a72dd622e7b1,11/06/18 8:05,https://totalhash.cymru.com/
35,04ed6d55f5cc5753627dc2e939b17a3af9f552e8,11/06/18 7:50,https://totalhash.cymru.com/
36,ee403782b658fc7a16a22f33983a729bc1c47b73,11/06/18 7:26,https://totalhash.cymru.com/
37,4c22e12233b8f8ed0ad1afbf1d486784d009c71d,11/06/18 7:25,https://totalhash.cymru.com/
38,e1f94af29ac643c2282edcedd0174d90ea6493a5,11/06/18 7:24,https://totalhash.cymru.com/
39,87d7a1e7cf2df27339d9159c9b31286fbec015ae,11/06/18 7:20,https://totalhash.cymru.com/
40,12e3d19f696880ccc37071119877cd7cfd94fae8,11/06/18 7:19,https://totalhash.cymru.com/
41,7d599c46998071d0d3e156e6ba417e6537a32274,11/06/18 7:19,https://totalhash.cymru.com/
43,841ea491dcad004e8adce8c09ac01f7b9917ed3b,11/06/18 7:02,https://totalhash.cymru.com/
44,53101f1c15cd845a6d93af665dd3a8d854ba24d1,11/06/18 7:01,https://totalhash.cymru.com/
45,0de927db4b3ef80c5c2cdc3dc08bb5b120c3bc81,11/06/18 6:47,https://totalhash.cymru.com/
46,30c5af0e0187261d0b8e7537f8b9028bd107a2b9,11/06/18 6:31,https://totalhash.cymru.com/
47,7a9921698b72af3d3ad31edb5a3ae8c50592c100,11/06/18 6:16,https://totalhash.cymru.com/
48,acd31cb755451bb9c327206b9d6d73b4c219f1e8,11/06/18 5:46,https://totalhash.cymru.com/
49,c8101c8a1584d590f69c7e5f6e6b1a9221fd3d2c,11/06/18 4:28,https://totalhash.cymru.com/
50,ff5c6e2eee1d75b69cbaa1d8d7be4b17592691f5,11/06/18 4:27,https://totalhash.cymru.com/
51,a0ec3c673012395a9a5d2d5bef906770df4f208f,11/06/18 3:51,https://totalhash.cymru.com/
52,5fde4994d77e03954520a5748ba24014733422b3,11/06/18 3:50,https://totalhash.cymru.com/
53,c7b8f70f5d58901354c783c8ff7c7f2e853bb487,11/06/18 3:29,https://totalhash.cymru.com/
54,d2bc802e27a8e0eb1de9cb7f3575c6c5c922af20,11/06/18 3:05,https://totalhash.cymru.com/
55,7483357518bb550b91b0c8b169dc0df3cc76e8b6,11/06/18 2:17,https://totalhash.cymru.com/
56,abad70c2c89e67fb75cdb33bc087c8cd4938049a,11/06/18 1:41,https://totalhash.cymru.com/
57,ff971f553c393f3d288362fd9859cb69bcfee0b4,11/06/18 1:29,https://totalhash.cymru.com/
58,b3d8d29a290d83f90e3ea7985bb5ec66c2b583b7,11/06/18 1:00,https://totalhash.cymru.com/
59,6c64d385609672b7f8a4f4abeb8ce355f9d6c07a,10/06/18 23:54,https://totalhash.cymru.com/
60,8d2ff14b3a26b3c22933c0a3f62cb9c2d4f52631,10/06/18 23:45,https://totalhash.cymru.com/
61,24c0cfcaf5ae8fbf1f8ad7c2697f98a43728e6f1,10/06/18 23:41,https://totalhash.cymru.com/
62,090bb621271dfa31966c1dde7aeedba994e18893,10/06/18 23:26,https://totalhash.cymru.com/
64,171b07077cf7ae769985307e539f53a57bcd6435,10/06/18 23:01,https://totalhash.cymru.com/
65,8c0ddaa88509ff22ad266359490ff4fd2a9307ff,10/06/18 21:53,https://totalhash.cymru.com/
66,fe7f26b267c609e06f459a5cb1d1eab5f3513b17,10/06/18 20:44,https://totalhash.cymru.com/
67,055b4a4673b609273406f2476c659ace107eade2,10/06/18 14:16,https://totalhash.cymru.com/
68,d06635ef5a09807dc1cba5723d33ed6356b314d4,10/06/18 13:46,https://totalhash.cymru.com/
69,c0615a79df6e71451fbc8664b1bcfa7312088a9c,10/06/18 13:41,https://totalhash.cymru.com/
70,492aef4717ee42605d3d70b84cbb04fa194e8540,10/06/18 13:13,https://totalhash.cymru.com/
71,1421a2519335b50c53e1c3bb3975388666142b78,10/06/18 11:28,https://totalhash.cymru.com/
72,e22b80f7fe2be21528739b77463d4e7ec8960eb9,10/06/18 10:10,https://totalhash.cymru.com/
73,fd5a3da61743bf44d84c880ed34367e9a0f21c8a,10/06/18 10:07,https://totalhash.cymru.com/
74,cf1932d8121c3c5795e143f97eeaa57b66e479e7,10/06/18 9:52,https://totalhash.cymru.com/
75,a5343950a887b17a673926aff4d54978f5559e55,10/06/18 9:40,https://totalhash.cymru.com/
76,d6fd0981b139f17dfbf503182b8f81a18e1dd154,10/06/18 9:37,https://totalhash.cymru.com/
77,1bff40b6b1c59fd5154462ccc009f0a03042e78c,10/06/18 9:33,https://totalhash.cymru.com/
78,c54e6371e87b8c027cb4a8cbe7a48e67bad3cc0d,10/06/18 9:26,https://totalhash.cymru.com/
79,285a82cab47a0604c21af02809c9260cd0dd4525,10/06/18 8:36,https://totalhash.cymru.com/
80,a3874db3c23aabf9b4b6fbfe4f152098ee1233a9,10/06/18 5:08,https://totalhash.cymru.com/
81,592ae3f54ba4460943ffac8c3ee3341f13ff4532,10/06/18 4:19,https://totalhash.cymru.com/
82,71e12716e577159e5add1904b0dc2281377b30c5,10/06/18 3:56,https://totalhash.cymru.com/
83,431e820ec09e2618a7e17f1d588e6c65ba84a639,10/06/18 2:34,https://totalhash.cymru.com/
85,5a1f5cdb732879ecf3ddfe8d47e232adc1c466c6,10/06/18 1:55,https://totalhash.cymru.com/
86,842b9d327c856214e115a0aea8494f0c112cbfb1,10/06/18 1:21,https://totalhash.cymru.com/
87,7330332d2477178f6d2dfec85ae621089b0bd01c,10/06/18 0:24,https://totalhash.cymru.com/
88,19359a1d2fb633d8b8934e37b64d50bc3dc53761,10/06/18 0:21,https://totalhash.cymru.com/
89,b1eed454f64c63541c3e9308204247a201fabd1f,10/06/18 0:13,https://totalhash.cymru.com/
90,360f8c0e4352afaa42df43b4eb1b6f46949bb06f,10/06/18 0:11,https://totalhash.cymru.com/
91,d336f1ed448434ddf06ebba6556d1dd70b03f347,10/06/18 0:02,https://totalhash.cymru.com/
92,ed3489c2493129d8cdef711df7aec00f665585c1,09/06/18 21:34,https://totalhash.cymru.com/
93,f30e72950c05fa6a3e09a20f323a393917f977de,09/06/18 20:55,https://totalhash.cymru.com/
94,6040a2b9941cba176c3888ed2e629b5fec4b13f0,09/06/18 20:10,https://totalhash.cymru.com/
95,a064828f2572a8c0ab17f90ed4db2c7e73ead59f,09/06/18 16:31,https://totalhash.cymru.com/
96,a7534390bd145964a8e65cae1ed0bca8f5070b55,09/06/18 13:25,https://totalhash.cymru.com/
97,4e33e528b53f97d1adc95d1ae7422ff24a6e0ba8,09/06/18 11:32,https://totalhash.cymru.com/
98,d8a9fe2f5e361636c17daff1afcd1a5db7ee6487,09/06/18 11:24,https://totalhash.cymru.com/
99,21f4dcdd607968bf0f956c2edb2e5d04f0e1e80c,09/06/18 11:21,https://totalhash.cymru.com/
100,75768a543fed51551e88e39c3229430f3a9ed74b,09/06/18 11:17,https://totalhash.cymru.com/
101,967b8db410bf14d53a767376103de5444905acbe,09/06/18 11:09,https://totalhash.cymru.com/
102,16616c8ce821630b69054841d42cc7f1a309103a,09/06/18 10:48,https://totalhash.cymru.com/
103,dce907e69ea86e602b99f90b014b8eb161f54d2c,09/06/18 10:44,https://totalhash.cymru.com/
104,ed9878fb9f176ca509d67e4c2eb5448dc6c44eaa,09/06/18 7:47,https://totalhash.cymru.com/
106,97d8dd4ad4916c5e7dda72b3e70b063f734ee88e,09/06/18 7:38,https://totalhash.cymru.com/
107,37b93eaa3934d200d55edd9ae4fde1568570705a,09/06/18 7:33,https://totalhash.cymru.com/
108,42d80001667d56a6378afb4a926a1795bbdfd772,09/06/18 7:28,https://totalhash.cymru.com/
109,2ce8ba0a548413b7c44be000a3780bd8709ee1f8,09/06/18 7:28,https://totalhash.cymru.com/
110,7dcabf163c74f0bffc317a2557ec23f407a5922a,09/06/18 7:08,https://totalhash.cymru.com/
111,3ee821bc5d474c76a99ddc7a40e62840d267d087,09/06/18 6:48,https://totalhash.cymru.com/
112,59280f4be9a9d5ef653f94bb169c8794780cb957,09/06/18 3:20,https://totalhash.cymru.com/
113,22039b28fe286e0f733a3e0aef79ecff1c63d89c,09/06/18 1:22,https://totalhash.cymru.com/
114,96e9929c5d4e26651cf32d5ce7600c09127900e1,08/06/18 22:58,https://totalhash.cymru.com/
115,e011018dcda5426d5a8828c0d1981d815a4b7394,08/06/18 14:24,https://totalhash.cymru.com/
116,e3e38a17d25ab42c6e1903409c30c4d053a42796,08/06/18 14:10,https://totalhash.cymru.com/
117,29ffd1df744ad6b4b84e276d487792a81d685d7b,08/06/18 13:37,https://totalhash.cymru.com/
118,9897da65cb46240c7338187944941fdd94c9e750,08/06/18 10:39,https://totalhash.cymru.com/
119,c1581a3de3a148d0f72c601aef815cfbb9cc631a,08/06/18 10:17,https://totalhash.cymru.com/
120,07ec2eaff49fbd161e6893ca7315234468a09cb2,08/06/18 9:54,https://totalhash.cymru.com/
121,042f28e2799bde007a5f5450a896ad8cadd86d79,08/06/18 9:53,https://totalhash.cymru.com/
122,8eaa47526580e21bbd138a372b6d7a829ca059d1,08/06/18 9:51,https://totalhash.cymru.com/
123,aca96d3d8083704c16677451787237dfe3046961,08/06/18 9:43,https://totalhash.cymru.com/
124,785e246ef86226bcdc827c12d9260664902faeba,08/06/18 9:42,https://totalhash.cymru.com/
125,bbe6a51240413af6db28df5c7589f396ab5e60af,08/06/18 9:35,https://totalhash.cymru.com/
127,9521cc1410fafc1b9740b660c3961c490d1f110c,08/06/18 9:29,https://totalhash.cymru.com/
128,451227b36a97420018fe64eb970c290055954c04,08/06/18 7:21,https://totalhash.cymru.com/
129,26126073177e0e5dd6e421293af5d23d9f89e0da,08/06/18 7:00,https://totalhash.cymru.com/
130,bf60d6c712c1409ecc96d3c30e649a1e187ebc4f,08/06/18 6:23,https://totalhash.cymru.com/
131,fefd60b24e57079ea76b96fa6a419b4b2fed5a25,08/06/18 4:48,https://totalhash.cymru.com/
132,0950c23e408e54b783ee98e6ec3233ff37e60b1f,08/06/18 4:33,https://totalhash.cymru.com/
133,2ac97072268e04eb644b641730337caa87ca694c,08/06/18 3:51,https://totalhash.cymru.com/
134,e00a470dd9714f0f7878bb0078b7c479bfd420d6,08/06/18 3:10,https://totalhash.cymru.com/
135,b93a5350da3a2282dff5b93e202116b4eed1ee6b,08/06/18 3:01,https://totalhash.cymru.com/
136,552f545d2382891901fc92ad05e5831f2c9fb7bb,08/06/18 2:59,https://totalhash.cymru.com/
137,1e3fc8f8750698027b80bf00f488130e3a2fe72b,08/06/18 2:11,https://totalhash.cymru.com/
138,6f9cd26dd98e3ea61c484d6e962e8ea1bcd4456f,08/06/18 2:03,https://totalhash.cymru.com/
139,f91ff87faa9ff195f83aa398c39ebaf0d7ce98b7,08/06/18 1:17,https://totalhash.cymru.com/
140,8575e727f8872ffc5ecd6331854e533fe34f335e,08/06/18 1:01,https://totalhash.cymru.com/
141,c11f490e70db86d4cfecab66c51643e9f5a5a8bd,07/06/18 23:37,https://totalhash.cymru.com/
142,0a1388fa3ad77abb21f527f2a6f841edeae386a7,07/06/18 21:36,https://totalhash.cymru.com/
143,8a8cdce776016017c74a0838b2248970f0f8613f,07/06/18 21:29,https://totalhash.cymru.com/
144,d5d91d967a3cd81e12fd9efb9eaafd03b7b1708c,07/06/18 20:43,https://totalhash.cymru.com/
145,b9c00f21eb2e145062ee39038f994179ba46030d,07/06/18 20:13,https://totalhash.cymru.com/
146,7ce94328478cfa9b6afc7c8dff75381848505f54,07/06/18 18:38,https://totalhash.cymru.com/
148,d0714ff173630dd999e2e5dc3ffdb132b17ff32a,07/06/18 18:09,https://totalhash.cymru.com/
149,bb193337586120056503155e28beecab6d509e8a,07/06/18 17:54,https://totalhash.cymru.com/
150,3cb7937340e389757b769353e9076d2f1d47ac3a,07/06/18 17:44,https://totalhash.cymru.com/
151,a4de72e325b263646eeabc417a1ccb9ffb1b6356,07/06/18 15:49,https://totalhash.cymru.com/
152,f552223cf908cff04dee72f5510e68e7094e177c,07/06/18 13:02,https://totalhash.cymru.com/
153,97d7cc2914bdb60cc617999d7b8a631a98c0db7a,07/06/18 12:09,https://totalhash.cymru.com/
154,750a1a8470e0dacafcb6d8c2fa16494851785d62,07/06/18 11:10,https://totalhash.cymru.com/
155,365baff62dd0f7bf50fcb2f756463f0fbd79b597,07/06/18 10:36,https://totalhash.cymru.com/
156,4d17ab098b3afaff15d0b173b048ef15c1fe912a,07/06/18 7:18,https://totalhash.cymru.com/
157,fb8ce6839e977cc87a95943e19a85bd9a28c22a5,07/06/18 7:01,https://totalhash.cymru.com/
158,9500764be436751c9b4f5c7ebdfef6b5dd54cf8f,07/06/18 6:46,https://totalhash.cymru.com/
159,f58c6d03af111d710d911448af75e4d4ff4e6d43,07/06/18 6:40,https://totalhash.cymru.com/
160,ec7ed6a6667127ce91a2a0ed0e4ecfcdde95ca80,07/06/18 5:52,https://totalhash.cymru.com/
161,118a3ee67410c476375d7a14f8d6bb7584546712,07/06/18 5:46,https://totalhash.cymru.com/
162,2caea69fea8ee47bc17bde55921768f38f8c3df5,07/06/18 5:42,https://totalhash.cymru.com/
163,26f2a3482e5546994c070a6410427a2439ecab32,07/06/18 3:59,https://totalhash.cymru.com/
164,0d5b98c2ca091dcb4e7190f71f2c2a9cfb704948,07/06/18 3:59,https://totalhash.cymru.com/
165,e8c3599e43b5a831753a0f8baddd3882be95d66a,07/06/18 3:33,https://totalhash.cymru.com/
166,d49b84831b6b4446e1bcaab22fa8b6b973a84fbb,07/06/18 3:15,https://totalhash.cymru.com/
167,335c8702f3acef587f139f0de3efb477e941e3ef,07/06/18 2:05,https://totalhash.cymru.com/
169,a7b2a2664105ec1acfeb008b4efe09c3bc247e36,07/06/18 1:05,https://totalhash.cymru.com/
170,3aaa91972b794e58bcd4f6e4483ee91454d3af2b,07/06/18 0:24,https://totalhash.cymru.com/
171,fc24171ac0d0426fe4160de9b53b97d75bae4d75,07/06/18 0:23,https://totalhash.cymru.com/
172,ecdde2e02ccd0f93134de1cada824b001582192b,06/06/18 23:56,https://totalhash.cymru.com/
173,19a9c39ddf06ff6530c2cb72b9fe15aba3728668,06/06/18 23:34,https://totalhash.cymru.com/
174,e72d33294420461a4438b3d4f4075569cdacaf92,06/06/18 23:29,https://totalhash.cymru.com/
175,b01ee4a15f81fc7e4887c29e8670c24a1d6a0128,06/06/18 22:38,https://totalhash.cymru.com/
176,4daf0dd01bf7ee0505a3ba9e0ffee6be88a2a930,06/06/18 10:41,https://totalhash.cymru.com/
177,24888b619439ae05da49dd1dc4ee2335ea0407e1,06/06/18 9:10,https://totalhash.cymru.com/
178,a5458a8141e4a5755361b069e27d37a072dc932c,06/06/18 7:45,https://totalhash.cymru.com/
179,0a5d3db582940574361f5ae87ab627b992afe91e,06/06/18 6:57,https://totalhash.cymru.com/
180,b73743cd31403c94194825b9bd7f5bd87470e9af,06/06/18 4:55,https://totalhash.cymru.com/
181,5a596dfb29b223e6d05532cd48a9d6c141babb7b,06/06/18 3:40,https://totalhash.cymru.com/
182,506f8eb97a123943593df9b9e9cfdfcba33ca04c,06/06/18 3:21,https://totalhash.cymru.com/
183,35b188c430b528996473109cd33e872c5021f09d,06/06/18 1:28,https://totalhash.cymru.com/
184,19183510441184a3106996d76d4bb5bb0ce23abd,06/06/18 1:13,https://totalhash.cymru.com/
185,a0f0b2448e25e5f46753e799a58bd44b4c2c499a,05/06/18 23:46,https://totalhash.cymru.com/
186,60dc16c29503cfdf4b1791955b8f8a86e26616d2,05/06/18 23:18,https://totalhash.cymru.com/
187,4a930d744ddb2bcacdf1d638f0f13a292e2190a6,05/06/18 22:57,https://totalhash.cymru.com/
188,77827a2154aa32f8b746874d363865ceb3be7119,05/06/18 22:45,https://totalhash.cymru.com/
190,40cc08378d477f3a296ab448a38bfcad9c77fad4,05/06/18 21:42,https://totalhash.cymru.com/
191,25d914020db003cea6d8d69f424a7c21e8d336da,05/06/18 21:37,https://totalhash.cymru.com/
192,34d90c26707957dbc6a63941e98c095b622da5a0,05/06/18 21:08,https://totalhash.cymru.com/
193,60bf7f39140b63805ba904b330998a814c349df6,05/06/18 21:02,https://totalhash.cymru.com/
194,f9ce6e75ed2d9bed66e6a5c6cf6271edd617bdec,05/06/18 20:54,https://totalhash.cymru.com/
195,7685652b232319420a5c470b2a0a9ee4ad4c26b9,05/06/18 20:53,https://totalhash.cymru.com/
196,f8cb5ef86166306236fa5b852f66a9b5a6a859d0,05/06/18 20:19,https://totalhash.cymru.com/
197,0a49d535b5eacc1782b6623dfd5d7c5385078a82,05/06/18 18:47,https://totalhash.cymru.com/
198,0340b37ae34d23cf074128b2fc234e53d3c5126c,05/06/18 17:07,https://totalhash.cymru.com/
199,9fcd17762990609abeeaede266e97c677426a06f,05/06/18 13:36,https://totalhash.cymru.com/
200,8bd40580092b3d734d4bd3c8c8903a7a39f20c23,05/06/18 13:36,https://totalhash.cymru.com/
201,23c80ebbe71d5ad3cf74fb94d592cff4f1a44445,23/05/18 6:05,https://totalhash.cymru.com/
202,17fb7c65696ffd3d4bab9dc5b4bcb04f56fdb405,22/05/18 15:24,https://totalhash.cymru.com/
203,70255fe99da23f6080082ea7c274fe1854182637,20/05/18 1:33,https://totalhash.cymru.com/
204,dde8c8b9b049b8c05c9b10495d0cd7bd27f7e91b,19/05/18 23:23,https://totalhash.cymru.com/
205,1ef5ae15e718931fa3e8523fd7a2eae8ca402d19,19/05/18 21:16,https://totalhash.cymru.com/
206,a0459c28cef76d129fe57e91f18b9dd4031fb21c,19/05/18 19:37,https://totalhash.cymru.com/
207,d6014fdc9893284904809094d57326c530cea004,19/05/18 17:35,https://totalhash.cymru.com/
208,493b87909b54196f9c11fcb3433a21c9329ff705,19/05/18 17:25,https://totalhash.cymru.com/
209,8bab637ad43ab99e579c9b2b13b75b045fabacfe,19/05/18 17:13,https://totalhash.cymru.com/
211,c46f3098b75e434178ef7a6e191795d2e8936ed2,19/05/18 15:47,https://totalhash.cymru.com/
212,2fff314ced0ae77cc4d4cbba640c56632623008c,19/05/18 15:35,https://totalhash.cymru.com/
213,68b4fc695522fb68e47106b0b6c6dbc328061ba4,19/05/18 13:07,https://totalhash.cymru.com/
214,52cebaf72659dc979630bfb07e189b49199a7bad,19/05/18 12:40,https://totalhash.cymru.com/
215,4f7aa7d4f6cedb16ab1a85b2a6bb26c624af9410,19/05/18 12:19,https://totalhash.cymru.com/
216,9e815481abc569ecb221b6abe4932b70abe4ad30,19/05/18 11:47,https://totalhash.cymru.com/
217,6660fa4ff1d164832631c8005f7d2923f779d3bc,19/05/18 11:09,https://totalhash.cymru.com/
218,e22bf0edde141d841522183ca14c0c257e053e17,19/05/18 9:28,https://totalhash.cymru.com/
219,87619c913809635ef929c2d1f81a67661235d779,19/05/18 8:37,https://totalhash.cymru.com/
220,9c663b30ccef92a842dc7414123121926e3727a9,19/05/18 8:28,https://totalhash.cymru.com/
221,098bf83a54effcc39ff590161780e4d77be3a151,19/05/18 4:50,https://totalhash.cymru.com/
222,9d4b786d368b33bd0766a695d05f4aca4b6967b9,19/05/18 3:49,https://totalhash.cymru.com/
223,6673f43a880cc802ca96dbd58648110cc8c99336,19/05/18 3:31,https://totalhash.cymru.com/
224,1753c7b3b364d473a1cf4ef8276aef150fdc209c,19/05/18 3:14,https://totalhash.cymru.com/
225,bab5512e049a305c605546f37840fffb4d43bdbf,19/05/18 0:38,https://totalhash.cymru.com/
226,462a9fb5e25059f691a03a792387c2a8210c5d2b,19/05/18 0:08,https://totalhash.cymru.com/
227,754cd87b12704ed886f50bf3e7a0d9c236c50282,18/05/18 22:53,https://totalhash.cymru.com/
228,0d04e18d90679983d599309ef8276ceb14557c4f,18/05/18 22:47,https://totalhash.cymru.com/
229,a5ea4802f17de997602496bf88c6ea3db606662e,18/05/18 22:02,https://totalhash.cymru.com/
230,6620865cf4cdbb425cb83664e7c6053f9449fec7,18/05/18 20:18,https://totalhash.cymru.com/
232,77cad8c7fef43fa027614879c18e2a7ceb65d204,18/05/18 19:43,https://totalhash.cymru.com/
233,63e1b48e32ad22971a34f001ef23da9435bf356d,18/05/18 19:42,https://totalhash.cymru.com/
234,c8fb7a5a3a0614354038ed617ef692882550cef4,18/05/18 17:32,https://totalhash.cymru.com/
235,19035e6a9833f73f178dce891ca5d7ba988230c6,18/05/18 17:05,https://totalhash.cymru.com/
236,7a37b90755bca43b0777c3d9e79bf9c31e6f20ec,18/05/18 7:05,https://totalhash.cymru.com/
237,3664389d4fe460bf6c445800942733cffac24abf,17/05/18 16:53,https://totalhash.cymru.com/
238,be09c689776d92b2f0a397ac5921c83133967b91,16/05/18 12:45,https://totalhash.cymru.com/
239,1f250898026666d2f7ca7c5438eb09bba3e108a4,16/05/18 12:31,https://totalhash.cymru.com/
240,d30f9a6bfdcce7b1ced61460a69c7815fc2eb751,15/05/18 19:25,https://totalhash.cymru.com/
241,22b23e71e8180ceae7b04dc816f507ba0fd11e99,15/05/18 15:28,https://totalhash.cymru.com/
242,c32d64d1744d5ad5903ce773482706bd411b205b,15/05/18 11:18,https://totalhash.cymru.com/
243,ed412c157213e7f7a83cf5d775b8efb2c64b89fb,13/05/18 19:29,https://totalhash.cymru.com/
244,44acb9b55de12b80abaa6ecdfd2509c2bf16ee7b,13/05/18 16:50,https://totalhash.cymru.com/
245,03aa99b7dcdb4459f462b499980c7731da2105ce,13/05/18 15:31,https://totalhash.cymru.com/
246,c0d8a4b326e7c6ef733cde4961882cb34795e6f1,13/05/18 14:25,https://totalhash.cymru.com/
247,4114d085728a8a4932bba9f81e61fd19f4cd4d60,13/05/18 11:50,https://totalhash.cymru.com/
248,9690117374873d8dca2266ca324fbd6ed9969153,13/05/18 9:07,https://totalhash.cymru.com/
249,e9fb2f98d651b4380868852b19293a70c931fa55,13/05/18 8:10,https://totalhash.cymru.com/
250,f7c3654301ef1a7c494f0c5bb93dc1e1a0a57761,13/05/18 7:32,https://totalhash.cymru.com/
251,002d3ee94e9bca8635a9fc0699a2f295ab944abb,13/05/18 7:01,https://totalhash.cymru.com/
253,df3001c22749f12bacfd98a1e1c615e964a6e5d9,13/05/18 6:30,https://totalhash.cymru.com/
254,7cd07a0c1794ad90a96232b2dc917f8157bf0fe4,13/05/18 6:16,https://totalhash.cymru.com/
255,b72b49362a29688d30151753e1ef1842740ac9bb,13/05/18 6:11,https://totalhash.cymru.com/
256,df6864d0249c2e6f7cf94d22c49daf6e125f4c7f,13/05/18 6:07,https://totalhash.cymru.com/
257,397553042874be265fbb43b2f0cfa1794a1a19b2,13/05/18 6:06,https://totalhash.cymru.com/
258,6709228f809569a199ef689db284bd3104543d66,13/05/18 6:00,https://totalhash.cymru.com/
259,0237c0d70802bd3b112bda90d9819a52e95295e8,13/05/18 5:52,https://totalhash.cymru.com/
260,7fb2ef01be66c95f7249e26f4f2edc348c8406e8,13/05/18 0:34,https://totalhash.cymru.com/
261,8c07af46e76e8e00c628ce5faccec0685f46b417,12/05/18 21:12,https://totalhash.cymru.com/
262,39bb8d36e9ced69054b59eeb14f1b1218dfbeba9,12/05/18 16:02,https://totalhash.cymru.com/
263,24885216b0c4abff5d5163d4dd2a3441ccf69954,12/05/18 14:12,https://totalhash.cymru.com/
264,7f9a3708a1385f868189d0ed45bca0c0a1a5a4a9,12/05/18 9:49,https://totalhash.cymru.com/
265,623ee3574bd372400ca326856904e095a6409b8a,12/05/18 5:12,https://totalhash.cymru.com/
266,e9081261207607ede9c2c0625c30fdb0a2b54ad4,12/05/18 5:02,https://totalhash.cymru.com/
267,a91dd964b1d2a710535de52834fb67181e95e9d6,12/05/18 5:02,https://totalhash.cymru.com/
268,defc7f26e80718074c126691e89d07e74866a8ad,12/05/18 4:58,https://totalhash.cymru.com/
269,4e377b06dc74407cc1358f2266bccd02ebab3436,12/05/18 4:22,https://totalhash.cymru.com/
270,c397d31a105bca85232e2fe2de7d3df3f5fe8213,12/05/18 3:45,https://totalhash.cymru.com/
271,436613c03c97fd83c3152a962f5f282ef377dc85,11/05/18 17:07,https://totalhash.cymru.com/
272,bfdf3b7c84daf55c3923d15e7ac0a26b200e8894,10/05/18 19:58,https://totalhash.cymru.com/
274,0d3722da458265bf17fdd0afffb6749226dd80ae,10/05/18 15:54,https://totalhash.cymru.com/
275,ed89bd5b4716b1214229fbac0b501ce30bf6cce4,10/05/18 15:40,https://totalhash.cymru.com/
276,f836009d154ddb11adda6225c1556364a4db81b9,10/05/18 14:47,https://totalhash.cymru.com/
277,d18d266c49dfc3327ac30cc68d6b3be2c5df5896,10/05/18 12:03,https://totalhash.cymru.com/
278,2aab6928a1ec50592fa2af9441d67e2418d75ae6,10/05/18 11:17,https://totalhash.cymru.com/
279,7fcfe8d150bf3cfd1ac8932da6a4eccceaa89ee1,10/05/18 7:49,https://totalhash.cymru.com/
280,9b2cca14fc3a598c3de33d594880cf9f88ba6300,10/05/18 4:30,https://totalhash.cymru.com/
281,3a8b324b025e716650c458c0ef147c9036c11f8e,10/05/18 0:03,https://totalhash.cymru.com/
282,cd9f8951ae2f14c387d681d788d153d75e09c10f,09/05/18 23:53,https://totalhash.cymru.com/
283,26ab85cd0df82ea9b0fb05e0f3816d9509caea17,09/05/18 23:04,https://totalhash.cymru.com/
284,3956bd747ee9a52ce26ce6c755690d5e7e9f5c63,09/05/18 18:57,https://totalhash.cymru.com/
285,8cc077271e946e0788af2703d7ba59987a09651c,09/05/18 18:45,https://totalhash.cymru.com/
286,4e1f43c4acab97f823e3dfde4c8ce994c5760f89,09/05/18 18:43,https://totalhash.cymru.com/
287,ce6ad4cd50c3728305e2c7505a192cf0fd8057f8,09/05/18 18:42,https://totalhash.cymru.com/
288,39974558f1556f05614dab10bcdc5bf24f92c5be,09/05/18 16:28,https://totalhash.cymru.com/
289,2e47955300a4cf34e5fc9419f695b8991e8620d7,09/05/18 16:28,https://totalhash.cymru.com/
290,48bc38c35912a0dcab05955a2bf5905d7ef4860e,09/05/18 16:01,https://totalhash.cymru.com/
291,5e590a371417077c32eaecde477c7974338a7767,09/05/18 6:12,https://totalhash.cymru.com/
292,18e871d035d5b5f86c67f03c667f303f4abb8c21,09/05/18 5:00,https://totalhash.cymru.com/
293,f25ac04a90d22be3334db5344cdb83e22cebdc69,09/05/18 4:50,https://totalhash.cymru.com/
295,d828e6d3604e755422ed2839805fc75fc980b658,09/05/18 4:47,https://totalhash.cymru.com/
296,c8d11f571c6b18d7a318a8c63ff9821facf739ae,08/05/18 19:24,https://totalhash.cymru.com/
297,6b5188e1f04c32753c5ada449bdad2a35dca8508,08/05/18 19:13,https://totalhash.cymru.com/
298,c956e740680fc62aa986f6ab9594ba07eff7f385,08/05/18 15:56,https://totalhash.cymru.com/
299,cf4d2b4f5e49a6ede02b928969a7826de47b1555,08/05/18 12:43,https://totalhash.cymru.com/
300,6761fca2e06a00a7417266d7ff50c7799b73d68c,08/05/18 10:01,https://totalhash.cymru.com/
301,41c93d80e304baa791d802ecfe54d7269af3fd84,08/05/18 9:54,https://totalhash.cymru.com/
302,10f74fae5e8ffa36ad72a10a3a740c20f7b96991,08/05/18 9:31,https://totalhash.cymru.com/
303,4c25adf981b6d7012ff4cc2b77785c382778ad0e,08/05/18 9:02,https://totalhash.cymru.com/
304,0b4abc2e96845ec8c6af4185c4e96f2e2794a8aa,08/05/18 1:56,https://totalhash.cymru.com/
305,2a885a666baad5b5fca8a23118e2880802783515,08/05/18 0:34,https://totalhash.cymru.com/
306,64839cea756ee12546ac5ef091615d2b517edab6,08/05/18 0:34,https://totalhash.cymru.com/
307,2f96eda74e8eddc83e6a717c29b5da1601dd23e8,08/05/18 0:16,https://totalhash.cymru.com/
308,779cb36a7feb1e1bbf354a2fe198aca30e6def4a,07/05/18 20:10,https://totalhash.cymru.com/
309,a319e64598cabd64506de1498ca93f7f8011bcca,07/05/18 18:42,https://totalhash.cymru.com/
310,8a8b931a777fa31eddf4687d4b3925221b21c6df,07/05/18 17:53,https://totalhash.cymru.com/
311,3fbc441e006f2df4198a52366e68307bc81815e6,07/05/18 17:40,https://totalhash.cymru.com/
312,96bf73cd111a4adde27160191f84938a8ff345af,07/05/18 17:34,https://totalhash.cymru.com/
313,8b4654da859b6329078ed87a0802f57ca7f1950f,07/05/18 17:31,https://totalhash.cymru.com/
314,384d7607e724ca0b81f74176742f998fdbf450ef,07/05/18 17:08,https://totalhash.cymru.com/
316,73551fb737ae5973e5761f021cb1be05511edaab,07/05/18 16:57,https://totalhash.cymru.com/
317,5e793aa2fdef776da359a8fd0a0a1748ef1c410b,07/05/18 16:44,https://totalhash.cymru.com/
318,68fc380da592722b38558813ccd12445184b6d4d,07/05/18 11:03,https://totalhash.cymru.com/
319,a84fdf8d0b9d8aeab3e18ce11233fb85ec5d04bd,07/05/18 1:42,https://totalhash.cymru.com/
320,a26afccc3b08377d24f9360cf662f1d03c806f84,07/05/18 1:41,https://totalhash.cymru.com/
321,e74782de1be18371a908628130dd5730a700c5d8,07/05/18 0:41,https://totalhash.cymru.com/
322,2b075cd6111ca7dcec25727835ccd29bd8450760,06/05/18 18:45,https://totalhash.cymru.com/
323,7a7ea67720965746ae0362e47a9ef80083d5255a,06/05/18 17:34,https://totalhash.cymru.com/
324,34bf8cb7e90d167be4498db5cbb74ed0731f6ea6,06/05/18 17:25,https://totalhash.cymru.com/
325,955de78e2d25b3eb73500de18116e61b9308ef5a,06/05/18 17:12,https://totalhash.cymru.com/
326,969eaaac97ec00d102a62518142b87378250f6b7,06/05/18 17:04,https://totalhash.cymru.com/
327,448ff6456a8c2c299d8b2d5845025038c9b120ed,06/05/18 16:50,https://totalhash.cymru.com/
328,e4e882588ac6e7fea4534a45625e270ddd3eac4b,06/05/18 16:50,https://totalhash.cymru.com/
329,960af91cb6f3532d2d801a065cc4901789c0e922,06/05/18 16:49,https://totalhash.cymru.com/
330,54e6449bf2123d104e573fcca891d5587886f55d,06/05/18 16:16,https://totalhash.cymru.com/
331,b3fb1fac35ba531da7c9dbff0ffbe03cda378287,06/05/18 15:06,https://totalhash.cymru.com/
332,425c203c8e4fa203badabfc19e854e113b0f2563,06/05/18 10:40,https://totalhash.cymru.com/
333,609f5d6b1d03c81f17cb1f887336f4bcf2f50081,06/05/18 10:25,https://totalhash.cymru.com/
334,8fec32c2bbb95d991189f77c31c727a640c7ee84,06/05/18 8:19,https://totalhash.cymru.com/
335,579c8cf0d8aa5609b60b6757db9ec77de16780d6,06/05/18 5:11,https://totalhash.cymru.com/
337,5b81dbfd56642b9f81810ae92ebdd76b822f2f7d,05/05/18 20:47,https://totalhash.cymru.com/
338,19c294b5b5d8ede55aa4ee516c7a0d1e4bca6920,05/05/18 20:40,https://totalhash.cymru.com/
339,14275e245f108beea205d2fc2e170996eb6a5c7c,05/05/18 16:13,https://totalhash.cymru.com/
340,e029e754835d215d6e6c201dc67cb0f940d78101,05/05/18 12:50,https://totalhash.cymru.com/
341,5029c7a7cbcb8b48a4e99aece71513a7f3d4a3fa,05/05/18 12:35,https://totalhash.cymru.com/
342,5342cea02d61b041ba7759b3679956e214a6f6ac,05/05/18 12:28,https://totalhash.cymru.com/
343,1107aff02179e592814406bf1772f588d2f4e6d2,05/05/18 11:26,https://totalhash.cymru.com/
344,3d8591b4d731c82cda2aaad01f136a5f954bfae5,05/05/18 10:51,https://totalhash.cymru.com/
345,bf3db970fb354be771555ad89862b5988045d14f,05/05/18 5:03,https://totalhash.cymru.com/
346,bac3c70726cc25ac4bdfe4a3127ac4709a3d4ec8,05/05/18 4:11,https://totalhash.cymru.com/
347,46d804b721e605e77d516f6d3054e1772df243e5,05/05/18 2:29,https://totalhash.cymru.com/
348,f0e55ada24da4eb07d00e9ea2fd7f6b5947cd2bf,05/05/18 2:26,https://totalhash.cymru.com/
349,74575c10eff3d1319bc8c37959b51e1ea05e2d9d,05/05/18 1:57,https://totalhash.cymru.com/
350,55624ae94ad9042ad652a567eb36f3902cb1bd13,05/05/18 1:49,https://totalhash.cymru.com/
351,1c201c4fb108c75eb475f8a9db4f58a8f7c54d79,04/05/18 20:56,https://totalhash.cymru.com/
352,90952c2b1f37b616c67a742b8c73af579ccc07e0,04/05/18 20:17,https://totalhash.cymru.com/
353,634a9350a9dba254e09a1b8db079eba33b51eff2,04/05/18 19:51,https://totalhash.cymru.com/
354,93fa5145e843ebdfd3dc5588c1c5f4ea31c27bf3,04/05/18 19:03,https://totalhash.cymru.com/
355,ba7cf69f88b1ac11900bd3f26dbf47cc9eddaf2e,04/05/18 18:13,https://totalhash.cymru.com/
356,7a5eebffe4ed0231e34c8914b5301fe1315e8fcd,04/05/18 11:40,https://totalhash.cymru.com/
358,d7981fbace36bcd82e80a5da8a266c59f6a54dff,04/05/18 7:35,https://totalhash.cymru.com/
359,2d99042a9d574065d4f12f012724c479171019b4,04/05/18 6:44,https://totalhash.cymru.com/
360,09e628845090f5ffb86f415962c1564cddda0bdb,04/05/18 6:27,https://totalhash.cymru.com/
361,09f6e98635818ebd43665d8bf49350a8f5868c23,04/05/18 0:42,https://totalhash.cymru.com/
362,7bd786b0bfd12a12246e096131a86413bde342ad,04/05/18 0:29,https://totalhash.cymru.com/
363,d7ce28b78bdb757b9a09d28a18cdbd2e30ffbeca,04/05/18 0:19,https://totalhash.cymru.com/
364,e813a20ffb7b3fc2e16bc06d81d7365acbb85bd0,03/05/18 19:06,https://totalhash.cymru.com/
365,bb40254a1af5a1b44d151ffddd1b8e2e5737e2ff,03/05/18 17:43,https://totalhash.cymru.com/
366,91c12c31622ede26b76faf4786bbce87813d5f87,03/05/18 15:24,https://totalhash.cymru.com/
367,c908219d0893b15e75e4d6c2052b025227747561,03/05/18 11:57,https://totalhash.cymru.com/
368,48249ba981eae9d1cc1d2668f470ac35fe672526,03/05/18 10:00,https://totalhash.cymru.com/
369,d9b3546cb3a35bb7f9618f24ffca9644f5aff713,03/05/18 7:20,https://totalhash.cymru.com/
370,5058caa501cda3a20f83e46cc4241201e07d35c0,03/05/18 6:53,https://totalhash.cymru.com/
371,12e1ab81a9e915be023370358daf06420cf031e7,03/05/18 4:45,https://totalhash.cymru.com/
372,fc14006fe7eeb962323196fb1018faed5631c6e7,02/05/18 19:46,https://totalhash.cymru.com/
373,98acca2ba28c1cfd01601fe63dabff57974c2490,02/05/18 19:42,https://totalhash.cymru.com/
374,b741cf1890b07760f45b58d9a378ac61c0594a5f,02/05/18 17:26,https://totalhash.cymru.com/
375,96f1f35efed2640d42d41d6d477e3f62667b9502,02/05/18 17:11,https://totalhash.cymru.com/
376,c447b3084d9a86cdd84a418e4d1f4c353d09a87b,02/05/18 14:41,https://totalhash.cymru.com/
377,d76306fca3c5c831b379a7c372a965e7a59e3af7,02/05/18 14:07,https://totalhash.cymru.com/
379,ba8ea38b2083c17f8f92a3ab4e7ee9c9bb78bbae,02/05/18 10:59,https://totalhash.cymru.com/
380,9a85e8cf6557771b3346e67e7121e568b9c33865,02/05/18 6:26,https://totalhash.cymru.com/
381,39980a9369d0e6d007897ed9de77dfeaa3dc21ba,02/05/18 6:16,https://totalhash.cymru.com/
382,01a8413e0c38e7f411c169d51ace47ced175747d,02/05/18 5:59,https://totalhash.cymru.com/
383,e46fbbbab168a09011ee38e981310455644d848a,02/05/18 5:48,https://totalhash.cymru.com/
384,4203a0e29981b460960d9d07ffec204118a39100,02/05/18 4:50,https://totalhash.cymru.com/
385,09be61ebfa03ecf4efa55cab926b4b7c84db5904,02/05/18 4:22,https://totalhash.cymru.com/
386,aaa7aed0fcd2f0c2c3c43cecba7456c3533203bb,02/05/18 3:13,https://totalhash.cymru.com/
387,96648dc433d10d85a6bccd226f2b4f99879db86f,02/05/18 2:40,https://totalhash.cymru.com/
388,298d90120f5c6b73b3dd9ee2b6caef0b06ab4b84,02/05/18 2:08,https://totalhash.cymru.com/
389,2da4ea6950fdfbe448df7b48e0a9e9b7bfbaed70,02/05/18 1:29,https://totalhash.cymru.com/
390,3f4ae7ca2616a8f67a2b7a5a542ec8cbbef34d48,02/05/18 1:12,https://totalhash.cymru.com/
391,bc71d29a926a2abf1ea138fe053b7fbe76389f5e,02/05/18 0:14,https://totalhash.cymru.com/
392,458b5b24f2323b227f56c6df8d383bff0d8ff3db,02/05/18 0:10,https://totalhash.cymru.com/
393,a87c60a5793a0b1d8c594c5d1757d64ec90c8944,01/05/18 8:26,https://totalhash.cymru.com/
394,d5fa55cb7d14964b1673b31071e5b9fd43181afc,01/05/18 6:41,https://totalhash.cymru.com/
395,5e9c4b8166f07215b7ff510d9116bb6e6028ffdb,01/05/18 2:41,https://totalhash.cymru.com/
396,2a9d15fa321bd1ec8fc0181aebad412bd8510767,01/05/18 1:42,https://totalhash.cymru.com/
397,bed95d7c054a34209b70bb4f0275e33591cfc94c,01/05/18 0:44,https://totalhash.cymru.com/
398,29ad5e513a5bfcd147b2d94f0a3bde56c419b8b0,30/04/18 20:45,https://totalhash.cymru.com/
400,474649e528e5929c5ef63987e45c99d6927268f7,30/04/18 17:01,https://totalhash.cymru.com/
401,249cba830201c9767cdee89ba416d253f9f9784a,30/04/18 16:53,https://totalhash.cymru.com/
402,8c7c68bcfd813a02fd1b6969e87306b76072e4d7,30/04/18 16:34,https://totalhash.cymru.com/
403,8da11528ef977b37177efa9151200bf6bd528500,30/04/18 16:01,https://totalhash.cymru.com/
404,d4b467b1b1b9447d32882c66f7c3601094ada7a7,30/04/18 13:43,https://totalhash.cymru.com/
405,d3e6fc4c953f0f68aec6522595d903a355579036,30/04/18 13:33,https://totalhash.cymru.com/
406,b3d6b482985f6b0effae8a50266ee58f5f763ef1,30/04/18 12:51,https://totalhash.cymru.com/
407,40fe658c1bcde5c7490de92c519ca34c47e07c54,30/04/18 12:31,https://totalhash.cymru.com/
408,6f84ead1e32b648ee073e3be39299d840cca0b54,30/04/18 11:24,https://totalhash.cymru.com/
409,a5a1bb144415abcc566728104c597161f3698929,30/04/18 11:16,https://totalhash.cymru.com/
410,e6d20cf4eca747968a5a7e65426c90603cc43f17,30/04/18 10:48,https://totalhash.cymru.com/
411,c59e5e96bdf0197459362cda231a46a9476be4b6,30/04/18 10:13,https://totalhash.cymru.com/
412,349a90ed6127bdad0c17d95e093c592cf0561efe,30/04/18 10:13,https://totalhash.cymru.com/
413,ccee4c7518101625d15591f2053dd3b8f8ce5c49,30/04/18 9:43,https://totalhash.cymru.com/
414,4dcaf0c8fa3adc87da75af9a26454158fe8e16ae,30/04/18 9:27,https://totalhash.cymru.com/
415,4889edeb23951b1a2ecec33053ab86571f9ead62,30/04/18 9:12,https://totalhash.cymru.com/
416,4663f393f27c0120568e9c4114c68d023e2a68b5,28/04/18 6:32,https://totalhash.cymru.com/
417,920cf39a1e3b2914d6294bd7a3131fd903498370,28/04/18 2:52,https://totalhash.cymru.com/
418,35a0d949bc527dd7fc5b0fa0772fe5a8fbc73054,27/04/18 20:53,https://totalhash.cymru.com/
419,df4ad7819eb1d3a2ea441cbd1e4f2e6759902977,27/04/18 20:39,https://totalhash.cymru.com/
421,942f2edf1d3c1aae130df634bea7d087702ba609,27/04/18 20:31,https://totalhash.cymru.com/
422,8f801f0e2e3e8b1bf962911f9e3e5e848292236e,27/04/18 19:12,https://totalhash.cymru.com/
423,2a0485e52f375339c14e201626d2e64ad52bbeff,27/04/18 9:20,https://totalhash.cymru.com/
424,fff9f2600e3286dcdc4cba8b19e4f7c4f5b58378,27/04/18 4:33,https://totalhash.cymru.com/
425,e4bf728e2d4a28b153f3d62f915ab5d9008791a8,27/04/18 0:54,https://totalhash.cymru.com/
426,15e145a1db098963d345729878f657142e3792b8,27/04/18 0:17,https://totalhash.cymru.com/
427,2e938e3c59f66181d6eb53f83d40436d04fe989e,27/04/18 0:12,https://totalhash.cymru.com/
428,2028882c7c4b4b39bda89eceb181244381300e97,26/04/18 21:11,https://totalhash.cymru.com/
429,b4578a37af2e285724ab1784cfa6e3f09366130d,26/04/18 20:46,https://totalhash.cymru.com/
430,b99d97c61715c23379ddbd0824e783e76b3875f5,26/04/18 20:29,https://totalhash.cymru.com/
431,744e40c57609580e58ebfcf7aa2cfe611bc4ab7c,26/04/18 19:56,https://totalhash.cymru.com/
432,be909dc41cb5b532cedf3479b88879f1085e9cc0,26/04/18 17:40,https://totalhash.cymru.com/
433,62431c291aff3240aabb15d5bf65434d3255d168,26/04/18 17:31,https://totalhash.cymru.com/
434,a37d57e3b235972198583082455f452e57d4b884,26/04/18 17:24,https://totalhash.cymru.com/
435,3d7fc683409e34d85d42a82c6309a52cb1aceb52,26/04/18 17:00,https://totalhash.cymru.com/
436,5914e72e7c960d567c6ef0a6943a68085ef64141,26/04/18 16:37,https://totalhash.cymru.com/
437,9a82c95bb9f135f4e91e752afcca3d89d0e54dfe,26/04/18 11:34,https://totalhash.cymru.com/
438,e9695393a4ad36a23bc07ed5d8a1042eacb54352,26/04/18 5:48,https://totalhash.cymru.com/
439,9897f60502b23c047e1890ab074383641ea02883,25/04/18 22:39,https://totalhash.cymru.com/
440,c0c42f8ca01e01b978bfbd12dfb929d68fb1a18a,25/04/18 22:33,https://totalhash.cymru.com/
442,61438ebfd8336006158c54530d8fa3144a895045,25/04/18 22:14,https://totalhash.cymru.com/
443,adf6c688709ff24520915a805acdd0cdca941e0b,25/04/18 22:10,https://totalhash.cymru.com/
444,6c5d2eac5dc4bb06fc3e4ec9220c0a9078c3cdb3,25/04/18 21:54,https://totalhash.cymru.com/
445,2f1895caac79f9ada85187b4789586be7e90dd29,25/04/18 21:13,https://totalhash.cymru.com/
446,2c54a737cb9f68cbbc717022bd214e51390cc8cb,25/04/18 20:58,https://totalhash.cymru.com/
447,3af0f01bd3128d06db98fad112c3a6da5cb2d32c,25/04/18 18:54,https://totalhash.cymru.com/
448,be7c24a4625d7fb782e5447e66a043a22d7fa8a4,25/04/18 17:28,https://totalhash.cymru.com/
449,2186c644de71584f2da7bca9efb3b538ff257967,25/04/18 17:00,https://totalhash.cymru.com/
450,73aac11cdea31c605c2bbd52c2e53e6c973c81f3,25/04/18 14:25,https://totalhash.cymru.com/
451,cb459269066094c9d3ff1e8ec6fa0561083a53e6,25/04/18 14:04,https://totalhash.cymru.com/
452,208226f8ba5813284c33ffbea52acd03f1947c5b,25/04/18 2:52,https://totalhash.cymru.com/
453,3438b8da66be27755a0e27c6ecd4821ceed89021,25/04/18 1:19,https://totalhash.cymru.com/
454,b98ae27f215a5ab1004ec7ee7f115fc7d92d59ca,24/04/18 22:34,https://totalhash.cymru.com/
455,ea75fbfd7cdc609ff8d95bfca3cd17887aaa2753,24/04/18 17:19,https://totalhash.cymru.com/
456,ac433c8a69740b26678001f5e063a06c34bf2eef,23/04/18 21:05,https://totalhash.cymru.com/
457,405632fe06a43a33ac5c056e0984ad4c1cf53351,23/04/18 16:54,https://totalhash.cymru.com/
458,058bf0498f50f933a375c422ffdfd08c3747bc5f,23/04/18 16:34,https://totalhash.cymru.com/
459,b464b2b74039b498a6d29ef325a18e7acf6aa692,23/04/18 15:06,https://totalhash.cymru.com/
460,31d073866b26c25027cb5c9aa7b7da8a5abb87ea,23/04/18 12:26,https://totalhash.cymru.com/
461,30a48c21948a1d97648ea6db53ae185d223ae109,23/04/18 9:28,https://totalhash.cymru.com/
463,0631301b4c8dc6ff57bf223c1e017bc46863ee83,22/04/18 20:48,https://totalhash.cymru.com/
464,ecbc6d9e4aec591cf7bdec223eb222463c7f5e32,22/04/18 20:22,https://totalhash.cymru.com/
465,2b125e60e3473710b4d6b890ea606d8feb2dd46c,22/04/18 18:45,https://totalhash.cymru.com/
466,2c43b3fe8c9ea2db17b01e937a7cbd705c44ea99,22/04/18 16:50,https://totalhash.cymru.com/
467,5f7f1ed63cd824ce996922c44825c8f08a24c160,22/04/18 13:27,https://totalhash.cymru.com/
468,aa32bc0246431d59fecfa6f8fa0e7719d4520783,22/04/18 12:08,https://totalhash.cymru.com/
469,86a4bf277998a83bb06314618d53b42588fd91eb,22/04/18 10:36,https://totalhash.cymru.com/
470,287d7b66ae7136d2fc4047d3da1f8bafe69b1a52,22/04/18 10:10,https://totalhash.cymru.com/
471,c1a34fda8d17ce5c66279be21eeb22e37ac68671,22/04/18 10:03,https://totalhash.cymru.com/
472,ec1ffdb8e9e145c0d4ba80e99e8cd8241025d5a0,22/04/18 9:18,https://totalhash.cymru.com/
473,aeb1d65c08c1c6c62f069cbb5766714674b3b0c3,22/04/18 8:49,https://totalhash.cymru.com/
474,d3d4b1fecaace5fa221173e9af2bf3535b79132e,22/04/18 8:39,https://totalhash.cymru.com/
475,ee42722239b4a7ee992c281a47685861d7711ed2,22/04/18 8:34,https://totalhash.cymru.com/
476,642dc2fda2a552dc617f55bd8d75d037c97aedbd,22/04/18 6:22,https://totalhash.cymru.com/
477,29d32bc6f5986e64b37432ae8824491474c97160,21/04/18 17:03,https://totalhash.cymru.com/
478,4ba1968705b64bec6c74d100f441de923402d5a7,21/04/18 16:46,https://totalhash.cymru.com/
479,28c6d7d8289bca62296e7215883331983054aa90,21/04/18 14:49,https://totalhash.cymru.com/
480,73c2af841f7a19d1970f00e9b5ca93913af40339,21/04/18 13:52,https://totalhash.cymru.com/
481,e0c9064f1ad743feb7c82c0ec2c232692ace3708,21/04/18 13:47,https://totalhash.cymru.com/
482,3be952b615b8fed649b09f322fd099e62fa1a330,21/04/18 13:38,https://totalhash.cymru.com/
484,6c42eda2f75e421c22d2c21893d76ee5d13daf4c,21/04/18 12:06,https://totalhash.cymru.com/
485,84868fc2298e0aa8c19126f50831fb5f46f86f06,21/04/18 12:04,https://totalhash.cymru.com/
486,6d8070b3f07aa24fd9fe83a1efe13ca8fe0bd7d2,21/04/18 11:58,https://totalhash.cymru.com/
487,27b23db4f60cb7be1e8fd75a009fc7aa82499f61,21/04/18 11:58,https://totalhash.cymru.com/
488,c83cd0a678da7bb8e2a6ffaa57a8a537d8413548,21/04/18 11:16,https://totalhash.cymru.com/
489,723ab7b2042d9817aa77457a136652a048dbffa4,21/04/18 7:17,https://totalhash.cymru.com/
490,378afe9bcf4baacd43a9dae951f06c58adead76e,21/04/18 2:50,https://totalhash.cymru.com/
491,2826504eee9666311c01d5e38924b09cf09088b9,21/04/18 1:58,https://totalhash.cymru.com/
492,b0e2b15bc82dde2750ac87f9a840ad21e776c7eb,20/04/18 23:51,https://totalhash.cymru.com/
493,ee244fb982d6810347a2a04b438511f14d587adc,20/04/18 23:08,https://totalhash.cymru.com/
494,e7327315f0fd2e3a2700dc139f0d6054a9de8ea5,20/04/18 21:09,https://totalhash.cymru.com/
495,f6ad9e8871dce3bd816873fe97569a9bcb29d863,20/04/18 18:46,https://totalhash.cymru.com/
496,0b28fc3d36ab62880ae1edf83f80558e20e61159,19/04/18 20:20,https://totalhash.cymru.com/
497,c5dd0221f0e25034e6fdcb3ae0617937bd991ae7,19/04/18 19:47,https://totalhash.cymru.com/
498,26d40eb4b968d0c6261f6c188f2f486090456b7c,19/04/18 19:38,https://totalhash.cymru.com/
499,04c92c614588dfab6f77fe2d04b62ebdceb630a3,19/04/18 19:05,https://totalhash.cymru.com/
500,c8f1da838b8af5045aa6da8a9d625cb1e7b0e67d,19/04/18 17:58,https://totalhash.cymru.com/
501,b5c68e0e71dde87c8d6d3f3c280c6e6b80ae482a,19/04/18 17:47,https://totalhash.cymru.com/
502,5927cfe608a93f93f295a90c78b3113a8b6452ab,19/04/18 16:35,https://totalhash.cymru.com/
503,39feacc358b3b51ca3b637f2f7c7d3cbf94d41ca,19/04/18 16:22,https://totalhash.cymru.com/
505,383de4c19a757c72708b73a748f1dbb9a204f092,19/04/18 14:22,https://totalhash.cymru.com/
506,2101cd87271bd847845d471763cffe3e67b0598f,19/04/18 14:15,https://totalhash.cymru.com/
507,5bdceb4f79c02ef81a87df1e1c0ed387d43cc45d,19/04/18 12:34,https://totalhash.cymru.com/
508,1f32a8e38d67694c048b6f60e34d796c92c6b6fd,19/04/18 11:55,https://totalhash.cymru.com/
509,1a63cebc96c487762d2a9a96e125727e3fdcd7bf,19/04/18 11:36,https://totalhash.cymru.com/
510,c8d7c165aa57f5ae830fe5768e25077a1f76d91c,19/04/18 6:36,https://totalhash.cymru.com/
511,ed17c20f462861d5b6acbf4f139d7265f482f12e,19/04/18 3:44,https://totalhash.cymru.com/
512,cb73e82030a03f303925249eeeccfb6d51c27b43,19/04/18 3:09,https://totalhash.cymru.com/
513,f6a100039f5b690b5c445faa460b758b149ae6ae,19/04/18 0:25,https://totalhash.cymru.com/
514,53f1caf5dc376f66e9e28028cde6bc0caa56b514,19/04/18 0:11,https://totalhash.cymru.com/
515,4ca857afdc78733513074236f695ce09c6be5dcf,18/04/18 23:16,https://totalhash.cymru.com/
516,af6fdbdc4e4293b2bff63cb076bb2cfa4ffdeeee,18/04/18 23:16,https://totalhash.cymru.com/
517,fd37869cf9bfd6a23b48defa6bf0849cbae1b94a,18/04/18 18:32,https://totalhash.cymru.com/
518,f3d0b0307d43d7e441a222aadb3740da52409685,18/04/18 18:31,https://totalhash.cymru.com/
519,f638ae150ea332443f248f0a299abb2c81864d35,18/04/18 17:59,https://totalhash.cymru.com/
520,508b55fd55a83415216fad0c12c9d1ccbeaadd6c,18/04/18 15:58,https://totalhash.cymru.com/
521,a11b77e8a6aa4e81a7ac759acef5e27271bbe3f9,18/04/18 15:07,https://totalhash.cymru.com/
522,54b0f2f262600983c8d47705cc584029c9d989c3,18/04/18 12:03,https://totalhash.cymru.com/
523,27b77cd0a33e06c6596ef3ae48ca982afb0d5a3d,18/04/18 6:34,https://totalhash.cymru.com/
524,24e46f349de53ea08c4074cf90b4b4bfd2b6245d,18/04/18 1:49,https://totalhash.cymru.com/
526,89c4c6ec7434c46d48811b84bf749cc6ee0e19fe,17/04/18 22:59,https://totalhash.cymru.com/
527,4767f2a31f6bf647d7458f33ef0e4b55639414f9,17/04/18 18:39,https://totalhash.cymru.com/
528,7a65e992512fd3bd7d056a6a84233f98cc652e59,17/04/18 10:57,https://totalhash.cymru.com/
529,b46fdd6bacce7c5440f6bfb3df99b4a9c262f48d,17/04/18 6:46,https://totalhash.cymru.com/
530,c956b7493eb388a672f1f5c8f67628d31a9f9823,17/04/18 5:31,https://totalhash.cymru.com/
531,71eda496948fdeec61703eac85530799c3052b10,17/04/18 4:04,https://totalhash.cymru.com/
532,22c642f29583a09e7a468bd12d19bd74efba1e9e,16/04/18 20:40,https://totalhash.cymru.com/
533,c82497210084da1662a1b817355b3b04630ef988,16/04/18 19:45,https://totalhash.cymru.com/
534,7730b223301e67a8f0d23fd0c0f072b19c3b3593,16/04/18 18:59,https://totalhash.cymru.com/
535,e45e4d0a83097b159d90b57f57fd471bfaa9cd32,16/04/18 18:39,https://totalhash.cymru.com/
536,fb31bcfed6db0b31cf9f692d73f1ea2660958f55,16/04/18 18:34,https://totalhash.cymru.com/
537,372efa91870d269c512e479278c723d734bc8463,16/04/18 13:49,https://totalhash.cymru.com/
538,edcb76ae14b7dda0996f78edae72326c53e3a62b,16/04/18 12:17,https://totalhash.cymru.com/
539,d29f2fa483197d117cca87662a04c50eb13ac706,16/04/18 4:23,https://totalhash.cymru.com/
540,db4ab35f458d115fcd4c0ca898d2a1840c65fc8f,16/04/18 3:43,https://totalhash.cymru.com/
541,15b581aa8c6b010c0de727e9e149b52c2f861578,16/04/18 2:22,https://totalhash.cymru.com/
542,10b48c686912006647b14f7b93527bc69799b6e8,15/04/18 23:19,https://totalhash.cymru.com/
543,b37ab273e1d99f31e1a3df3d09819da98f1694aa,15/04/18 19:56,https://totalhash.cymru.com/
544,c6fe1cdce9b818c3aafe7689f60be9ca381798cb,15/04/18 19:45,https://totalhash.cymru.com/
545,4776423d33e03bc496248b5d25c3dc1958bf1bc4,15/04/18 19:18,https://totalhash.cymru.com/
547,52a2a0b9fa075aabb5c49dad1adfea5239e726b7,15/04/18 19:02,https://totalhash.cymru.com/
548,6f560a0581608c1bf16d89d1af5148f1ea03e29e,15/04/18 18:20,https://totalhash.cymru.com/
549,3faf530d350a9354227c786ce24ad48835d4f4af,15/04/18 17:45,https://totalhash.cymru.com/
550,80584063a2cd6e2dc1dfc2bee9316ba1e2ec1402,15/04/18 14:48,https://totalhash.cymru.com/
551,8bf1cdb5814cc190124f0b9cc9f12eee63613e09,15/04/18 14:44,https://totalhash.cymru.com/
552,7c6aba03eab697a114fbfe0ef61d06933a6727f4,15/04/18 14:27,https://totalhash.cymru.com/
553,6b4ca04118887b33099775d000f658e2701efa2d,15/04/18 14:23,https://totalhash.cymru.com/
554,c13b5b3f32adb71e822510016179df7b8bbf857b,15/04/18 13:38,https://totalhash.cymru.com/
555,51f145f11997939187da23a75fa97d650c326cfa,15/04/18 13:24,https://totalhash.cymru.com/
556,0daea77e1c51097d47fd25f35d4d459b3b39153e,15/04/18 10:51,https://totalhash.cymru.com/
557,dc99739b19978c5bed04b456f4fd486bacd29279,15/04/18 9:09,https://totalhash.cymru.com/
558,b787fc783c63637800faa6ecdfafde9b58894723,15/04/18 8:20,https://totalhash.cymru.com/
559,1dd81f60eef30d52eefa6c1f50aad36da867129a,15/04/18 8:05,https://totalhash.cymru.com/
560,df60053a6fa59ef2b34ed79430683f2d86346611,15/04/18 4:03,https://totalhash.cymru.com/
561,77932bb5e089ec23051fd27fe9fccaf9de6f1d8a,15/04/18 3:53,https://totalhash.cymru.com/
562,467439cc5c828e5ee4623597e169925ab3c828d6,15/04/18 2:35,https://totalhash.cymru.com/
563,0cf2d55edcd73f44ab1894ccd778293fc1685fb6,14/04/18 22:53,https://totalhash.cymru.com/
564,a8d79d8167658c2a00b75659ed0a36d63fa4a7aa,14/04/18 16:58,https://totalhash.cymru.com/
565,e07cdb9a821c3be6a844196444f24ca48593ce95,14/04/18 16:37,https://totalhash.cymru.com/
566,664c2d806c6b1cd65a9e4993f0920a9b5b6d7bdc,14/04/18 15:04,https://totalhash.cymru.com/
568,8bf165961b661b7b8a03e245d02d33c53f79cbc4,14/04/18 11:35,https://totalhash.cymru.com/
569,b88c267ace3b66232250709d3e8ca617d7ec1806,14/04/18 11:22,https://totalhash.cymru.com/
570,5638c064e628968a2f25a7b234f345634e9a893e,14/04/18 8:51,https://totalhash.cymru.com/
571,145f9eeb3bfb21ae41a4c5d6200d626dd048d951,14/04/18 7:45,https://totalhash.cymru.com/
572,025ffaa8e80204e78f915226344e98770fc70bf6,14/04/18 3:53,https://totalhash.cymru.com/
573,e654f622c87309e530fc632e97d2b2e29ebe856e,14/04/18 3:41,https://totalhash.cymru.com/
574,3fff65421e7e7091acd23bc4d477b42264e168c7,14/04/18 1:16,https://totalhash.cymru.com/
575,f54447a9e07e9047a2962a220b4806d0d5908c51,14/04/18 1:07,https://totalhash.cymru.com/
576,b3f44fb8ed801634784c3d201061668ad15aea2a,13/04/18 22:44,https://totalhash.cymru.com/
577,3f68cbd39a9cbe64ef8a64352f5c0af1e2def0c6,13/04/18 17:02,https://totalhash.cymru.com/
578,7b010659b5781258ae0b97441d029cff8e31a632,13/04/18 15:08,https://totalhash.cymru.com/
579,88f8eaad7377b33ee99b2ce0bdc4e242e8d69c70,13/04/18 14:52,https://totalhash.cymru.com/
580,264be2179dc4c271b3840ed3f1b9c427932f0157,13/04/18 14:35,https://totalhash.cymru.com/
581,202c9cff921fb19c1a4e2f1e552516f1b4bc7758,13/04/18 11:41,https://totalhash.cymru.com/
582,7a14d826925f5c20fa760bea7ad51f155aeea3d6,13/04/18 11:40,https://totalhash.cymru.com/
583,7463d9541b8d3769a5fc81cee479bb36d80f8326,13/04/18 10:28,https://totalhash.cymru.com/
584,b697f405934524bf6bb7a9e621053104b8e418b0,13/04/18 9:17,https://totalhash.cymru.com/
585,4c59141921c5fe4f7c69129480723b5b16bcc6b6,13/04/18 2:37,https://totalhash.cymru.com/
586,7fff2bb1bff126be6bdaa93f5940a426f9dcba8d,12/04/18 18:34,https://totalhash.cymru.com/
587,05f9f445ce6c29e21a815c2ad00322048c4fa28b,12/04/18 16:44,https://totalhash.cymru.com/
589,828014e3933fcc978c0569b83076fdc29ecb8627,12/04/18 16:38,https://totalhash.cymru.com/
590,aab2c4115b973823cf94ce4cb100bd3277b809b4,12/04/18 15:22,https://totalhash.cymru.com/
591,0ff9524dd06088bd577cf2b41b98895aa7c17d31,12/04/18 14:13,https://totalhash.cymru.com/
592,2afdfb7a77130ac03c14b42e3b050eb7d5cdce0d,12/04/18 13:40,https://totalhash.cymru.com/
593,14a4b417b17f13f6f4f444780bf060f5a398653e,12/04/18 13:14,https://totalhash.cymru.com/
594,15a6787befd821bcd05a0ba5dfd280d3c5efaf9d,12/04/18 13:02,https://totalhash.cymru.com/
595,47a031e0fdfce6f31c961686a835a8b15eddf6d1,12/04/18 13:00,https://totalhash.cymru.com/
596,1e2cfd1a142a1d171e9b31077d556764bdeb01a4,12/04/18 12:39,https://totalhash.cymru.com/
597,8cca13ded21f9594608b2efe19d2059a54d7ff1a,12/04/18 11:49,https://totalhash.cymru.com/
598,8baaad690e4b3796f751f2741c07f0009180eab9,12/04/18 11:35,https://totalhash.cymru.com/
599,a53c188f546fcad92a7881f395ff4dcfbba0dfbd,12/04/18 8:40,https://totalhash.cymru.com/
600,4c05f05b24ea6552bb4962d889c9d2c5b840a6a2,12/04/18 5:42,https://totalhash.cymru.com/
601,6172bb8f286697f7452205bdc409a4d328a13866,12/04/18 4:25,https://totalhash.cymru.com/
602,085bb3daecb2cc63e2419b8d32bf24fc9b2bc29d,11/04/18 22:33,https://totalhash.cymru.com/
603,adaf9cde82098a9a553d4cde9d5044455fb9f121,11/04/18 22:02,https://totalhash.cymru.com/
604,cdb70dffd3a3ddf53817e5b3f03f21035232256e,11/04/18 14:23,https://totalhash.cymru.com/
605,cccedd45b8d538bc0153be5633ff68e625a89f6a,11/04/18 14:07,https://totalhash.cymru.com/
606,e3290757cf00d48da27d98bc3a2a587fd6f7c281,11/04/18 13:13,https://totalhash.cymru.com/
607,f226852997fa946efed37208461921f0a852889c,11/04/18 10:58,https://totalhash.cymru.com/
608,2e4bd1955384a6d7cd44dd827f51bed38efdc40c,11/04/18 10:18,https://totalhash.cymru.com/
610,39e61bbe7c32b4563b92f554467ace31a208bacb,11/04/18 9:49,https://totalhash.cymru.com/
611,cf4dca7be027f3992602f8fdc9eb22fdba7dae13,11/04/18 7:23,https://totalhash.cymru.com/
612,64ed58c0fef508882baa860d06171d58e6af9246,11/04/18 7:12,https://totalhash.cymru.com/
613,a82a1d66daac15f21921db81b3233724d7757d31,11/04/18 2:16,https://totalhash.cymru.com/
614,e0aa0b1faa9e17f99c47f967a1c34d3772c03124,11/04/18 2:01,https://totalhash.cymru.com/
615,18a927ed5f87d3e6b70ff17cf7b434f724501167,10/04/18 15:09,https://totalhash.cymru.com/
616,0ef5691f6fa63be4087a777112f2d21fdfc2518f,10/04/18 14:20,https://totalhash.cymru.com/
617,dca63f5c954836b8911d627254b214754bc65bba,10/04/18 14:17,https://totalhash.cymru.com/
618,cc4e3906ea7e2b5da8eb19a275fe50deded2465d,10/04/18 9:40,https://totalhash.cymru.com/
619,5b9a55b803482e25d4040f617645f13d223e3a63,10/04/18 9:21,https://totalhash.cymru.com/
620,191b65cec10b91520245767440bc171dfafb6213,09/04/18 23:15,https://totalhash.cymru.com/
621,dd756021e5be81c1113167c4c85255b02858fc54,09/04/18 22:23,https://totalhash.cymru.com/
622,ffb69fbc37c6378076c91947ff49e4a059b0aae3,09/04/18 22:19,https://totalhash.cymru.com/
623,584fb22edea425b0f6fa6c8b77d5ed530c3c5fb9,09/04/18 20:02,https://totalhash.cymru.com/
624,3dc89027143d4a9fa845f4c4e7f3e53815d20b7f,09/04/18 12:43,https://totalhash.cymru.com/
625,f4df65ca41f65e5d0ed547352290411767e7589a,09/04/18 7:17,https://totalhash.cymru.com/
626,398a0cdf2f26b2b7cd853505980da874199f4bb4,09/04/18 6:12,https://totalhash.cymru.com/
627,8ae7b484421d6188898caf724029d0e91662307c,08/04/18 21:24,https://totalhash.cymru.com/
628,589ba44c66a2e4f68a592f372b1b4ed3c4973809,08/04/18 18:10,https://totalhash.cymru.com/
629,89e6c2830c2c76edb1d7d4c6db797055ad6f1253,08/04/18 16:44,https://totalhash.cymru.com/
631,26ba24b055b62670b04f97017c0761f1c434341d,08/04/18 16:25,https://totalhash.cymru.com/
632,b56b16aa9581b152bf72d6657e07969fa081e154,08/04/18 15:54,https://totalhash.cymru.com/
633,73e73cc8a20461ca270e4f2c8934890f118e9d8d,08/04/18 15:50,https://totalhash.cymru.com/
634,493262714dddffb8a49e78490f4d5d99dabae067,08/04/18 14:58,https://totalhash.cymru.com/
635,585ac43e16f2db5f4f7b61e4f17a64933d6f5b58,08/04/18 13:53,https://totalhash.cymru.com/
636,e30025a1cdaff647eaa61a3ed90e6a89463e173c,08/04/18 13:32,https://totalhash.cymru.com/
637,92d254e08978f81bea24c4f9f3626cb2719a5ddf,08/04/18 13:31,https://totalhash.cymru.com/
638,f1134cd7e82efaf43922ec706456d984c598ec93,08/04/18 5:45,https://totalhash.cymru.com/
639,2e3fb8221694f4cd902b4588b7c4934d67225b66,08/04/18 1:39,https://totalhash.cymru.com/
640,7486cbe6f105364588b5bf71e23c8409a18ddea6,07/04/18 19:12,https://totalhash.cymru.com/
641,b3de1ea2f4409d1e42a01fb588b3c68863d96303,07/04/18 15:23,https://totalhash.cymru.com/
642,c021b9b87f27b979a503e28e9d1c92f7bafec81e,07/04/18 15:21,https://totalhash.cymru.com/
643,07e0493a7708605f3d65f0c76ba0d3a9cca276cc,07/04/18 9:57,https://totalhash.cymru.com/
644,86b7b9e04817a7db1f2db1dbd497e454ea16a0f3,07/04/18 9:27,https://totalhash.cymru.com/
645,7419c6149f92ed5e92dc77c17185b5a717f350b9,07/04/18 9:20,https://totalhash.cymru.com/
646,8325663304ee9a2eba6b1a382ac1ab93f5bf67c5,07/04/18 9:10,https://totalhash.cymru.com/
647,c7c6b289504ac7da958270a8f065ae9d90d5e439,07/04/18 8:57,https://totalhash.cymru.com/
648,84b99d8d954b67dd23351c07c9a39536ce8fca5c,07/04/18 8:49,https://totalhash.cymru.com/
649,1d85ceec8c0b10e19d7e98b21b71989d978120a6,07/04/18 6:22,https://totalhash.cymru.com/
650,fd08bdfa033f33f0351ef3eacbbcf4f401f2eea4,07/04/18 4:10,https://totalhash.cymru.com/
652,40b29f0e202d7ad92fbfc5d9e3f4b878444e157c,06/04/18 23:37,https://totalhash.cymru.com/
653,46938fa33a2644b39d5a5cf102f7082cc0454b3b,06/04/18 20:44,https://totalhash.cymru.com/
654,0020f5cb1b8d9a1151f23bc6e99f5e4d494b40eb,06/04/18 19:35,https://totalhash.cymru.com/
655,e6a65efb0a361e5d2bbfec455f0e5ddd3822312b,06/04/18 19:25,https://totalhash.cymru.com/
656,19801d96e71cbe2fc1423075ded316cb95d1d956,06/04/18 19:12,https://totalhash.cymru.com/
657,b16242ffd53e578703a35d36b53bb2bf195ab5e1,06/04/18 18:31,https://totalhash.cymru.com/
658,094b75b196eb2d7e29c04274dab2bac5ed7ca31b,06/04/18 17:21,https://totalhash.cymru.com/
659,a9895bbb7bf8c1b24fdedb946c4c08a8db786040,06/04/18 15:46,https://totalhash.cymru.com/
660,f93e17ff44ff3a09c6f41ba9b8dd047c5497428d,06/04/18 14:04,https://totalhash.cymru.com/
661,9fc386a0c91336ef920c63f1e5d81555da026a58,06/04/18 13:40,https://totalhash.cymru.com/
662,655d02593c79ded276e29964e25b23fa4045dde7,06/04/18 13:14,https://totalhash.cymru.com/
663,f3c8616df380faeff9fd0f835aae33c265abcc75,05/04/18 13:16,https://totalhash.cymru.com/
664,25adbb095e9bbd8b017c6b2def1749cda50d4559,05/04/18 10:24,https://totalhash.cymru.com/
665,9b9e164d2110704df8f8d470c7a71442bcb71f36,05/04/18 10:19,https://totalhash.cymru.com/
666,02f4ffad07fc92e11bc0b4bfcd7fb107395d2dae,05/04/18 10:10,https://totalhash.cymru.com/
667,2085eea3d2fbf09ab5950dfead80a75102ca375a,05/04/18 8:03,https://totalhash.cymru.com/
668,8d8ac3076e510684cc5bfde888aa4473a535a536,05/04/18 7:43,https://totalhash.cymru.com/
669,02c41c1d4238aa9b7f3886388f5676ff205c1aa7,05/04/18 7:03,https://totalhash.cymru.com/
670,2b01c2b77a0f14f2b87eba4da423262bfe026828,05/04/18 4:49,https://totalhash.cymru.com/
671,6c62d057f86cd648a8f103e4975109eb610599f5,05/04/18 4:46,https://totalhash.cymru.com/
673,32ae8c86c639d32d102d85c36aed46a88c20aeaa,04/04/18 21:22,https://totalhash.cymru.com/
674,a4e3e9253ac86e0de25fe89b1043310e53ede82b,04/04/18 10:59,https://totalhash.cymru.com/
675,8a86edbbb12aa2bc9c1070081a1b90c81ac9e0ea,04/04/18 8:19,https://totalhash.cymru.com/
676,ac53e4920aa5142e03b857ddb13e192138c35bed,04/04/18 6:25,https://totalhash.cymru.com/
677,4a7330970660bd286f5157108d2b5958fa999711,04/04/18 5:08,https://totalhash.cymru.com/
678,90a340f8f6f2550b6f49045c0cf81122c58bcfe9,04/04/18 0:23,https://totalhash.cymru.com/
679,14730ad960581ef851167d1cc2fc82e6b6d7e031,03/04/18 20:30,https://totalhash.cymru.com/
680,be8f181427703d8a5a7cee9cd87b7a100e6c520d,03/04/18 20:14,https://totalhash.cymru.com/
681,296e921b20ce094c7ef9a5fb90530c2e36382665,03/04/18 20:04,https://totalhash.cymru.com/
682,cba6eea2b5c74a204843d058cf1b1221739e93a8,03/04/18 19:49,https://totalhash.cymru.com/
683,a6a1033e676ee52692c0ec9ce8e5ce4209c84c00,03/04/18 19:35,https://totalhash.cymru.com/
684,c9c485988a2ff4abe2867238b9063bf34a70bca0,03/04/18 18:53,https://totalhash.cymru.com/
685,799ce88022e7c8ce2ff1e30e22c985570422d19b,03/04/18 17:18,https://totalhash.cymru.com/
686,a0f031a7fc985e7a5c872c754f78f52e8959accf,03/04/18 17:16,https://totalhash.cymru.com/
687,b50de2e458c4f00cfe3eea878c89370aedb64ef8,03/04/18 17:06,https://totalhash.cymru.com/
688,d42c5cefb84621b7591e56e718eda8c41e9ab22f,03/04/18 16:39,https://totalhash.cymru.com/
689,7835bb0bed4d18e891851a2f53bd529b4f4838cf,03/04/18 16:29,https://totalhash.cymru.com/
690,957061b839b9ef03f1aaa42e3a8b9e349d12cbb1,03/04/18 16:24,https://totalhash.cymru.com/
691,f8a69f0dd57e3dbfdb69e55faff3fcd0561f022e,03/04/18 15:59,https://totalhash.cymru.com/
692,e9bafa410e8b3c881484a075b56b700d2151e3dc,03/04/18 14:47,https://totalhash.cymru.com/
694,7454c08195c43a1b11b3b710c950c5a8bfae755d,03/04/18 14:31,https://totalhash.cymru.com/
695,3476ae645fffa30b47b83ee6226a445791ae157d,03/04/18 10:19,https://totalhash.cymru.com/
696,aa8760187810fb86064d2f945e75993b50691c2e,03/04/18 0:21,https://totalhash.cymru.com/
697,8dfd8c3d1ef185c2bb3b34e35fb8251bf9f45ef5,02/04/18 22:22,https://totalhash.cymru.com/
698,0666390515b82aa8626d3d2ac6939d12e0d65f66,02/04/18 17:10,https://totalhash.cymru.com/
699,621a8268a2323abdbaf901806e8ca4f694c858da,02/04/18 16:55,https://totalhash.cymru.com/
700,060b6dc5de77b223d79d5de1a9287980327cefd8,02/04/18 16:50,https://totalhash.cymru.com/
701,0886fd5926bf621c1751ee920f247011ce02dd28,02/04/18 16:48,https://totalhash.cymru.com/
702,ea8066eeca3cf20c732c316f50666e0a97c0ddb2,02/04/18 16:42,https://totalhash.cymru.com/
703,6ea2684fc7a189598d3614ae8f4b0f1d00392e55,02/04/18 16:12,https://totalhash.cymru.com/
704,0227a8649f9d5c074f09cfe80f3fc31eb0e53654,02/04/18 15:10,https://totalhash.cymru.com/
705,e7a32ba4b307d35794219a9c10db085d5c3c6515,02/04/18 13:47,https://totalhash.cymru.com/
706,9e4475481a8fb564ea86678f11d75dbea7022080,02/04/18 13:45,https://totalhash.cymru.com/
707,a8181b7040d97b3a9e4f73cfa9284890c344fcdc,02/04/18 12:58,https://totalhash.cymru.com/
708,a89d4110da1268cb9f560af470364b288b68848a,02/04/18 10:14,https://totalhash.cymru.com/
709,9fcc0f769dcba16652d06192d9dbbafc62bde954,02/04/18 4:40,https://totalhash.cymru.com/
710,5b9b0297288fc1effd84b04db45197f67129f0b5,02/04/18 1:36,https://totalhash.cymru.com/
711,0a0f06214006075744842e1c0d76c05da4cae618,01/04/18 22:16,https://totalhash.cymru.com/
712,7b55ac6225d2d2cfe083dca2128b51dfa319da6f,01/04/18 20:48,https://totalhash.cymru.com/
713,3fd4d8ee543815f6cd52c0e8705d51d54ad4dd36,01/04/18 16:37,https://totalhash.cymru.com/
715,806234f89e9e8aadab7dce213b94f96bd60aceab,01/04/18 15:37,https://totalhash.cymru.com/
716,b4ee23515d316e4f600e5010a6854f165cee71cb,01/04/18 13:48,https://totalhash.cymru.com/
717,5f03135ca983ab99dfe3edb90faaeffd92fc7015,01/04/18 4:42,https://totalhash.cymru.com/
718,4c0637685a55a7d77c763a0dc4bdb9d192ca1c6d,31/03/18 16:28,https://totalhash.cymru.com/
719,30316ac90b8c7993bcf7b3e8327a1929b58fb6d1,31/03/18 14:39,https://totalhash.cymru.com/
720,fca80dfaf04650c19b3a7ed3811e0caf88771134,31/03/18 13:02,https://totalhash.cymru.com/
721,fda79736d10491f7a62d9d6ec200d08f7db49b84,31/03/18 4:41,https://totalhash.cymru.com/
722,e5d6a66dd2389343aca7c17f5ce99cb89ad8c7e1,30/03/18 15:48,https://totalhash.cymru.com/
723,d29bffcce750201ae950eecc866f137060e46afc,30/03/18 9:00,https://totalhash.cymru.com/
724,fa4524b21c9d22002d130d1e294020e2ac402483,30/03/18 0:53,https://totalhash.cymru.com/
725,d195a59836991d29f0e455b2713c91c27ce10ea2,30/03/18 0:22,https://totalhash.cymru.com/
726,0772316d77326b0ae272010cee10ffa373d62cfe,29/03/18 23:17,https://totalhash.cymru.com/
727,9519e4730405fa5441e71de6fc4587d72b746fba,29/03/18 23:15,https://totalhash.cymru.com/
728,7a63159cc574a04ca44819eba7c4794aa2479dce,29/03/18 22:32,https://totalhash.cymru.com/
729,90477a7db329c48b6abb29dfe1f7ce700c9a4b88,29/03/18 21:56,https://totalhash.cymru.com/
730,2382bd4eb5a4c5bfbb9eb780675112e6536ff508,29/03/18 21:40,https://totalhash.cymru.com/
731,1de1807cdd6b7e4c210bbeb95378ad4205fceaad,29/03/18 20:56,https://totalhash.cymru.com/
732,bf7e28ca22df9f33080449f181ac09e0e5d82f01,29/03/18 20:01,https://totalhash.cymru.com/
733,36808f5fb24d64f013beba1cbb7fff6b68416107,29/03/18 7:29,https://totalhash.cymru.com/
734,9d5a1c35c30dc22b685c5147e246195d98fdd953,29/03/18 7:19,https://totalhash.cymru.com/
736,582ec1175aa47d5b57a6a8a8d8142261820b0183,29/03/18 6:27,https://totalhash.cymru.com/
737,325138ee5a8d6e398b1d04d5177a192f0d21790e,29/03/18 5:23,https://totalhash.cymru.com/
738,252d8c796112e8cd05f3a26725dff5cd6df02eee,29/03/18 2:59,https://totalhash.cymru.com/
739,78cffd9588e4a7de7d3af4919d074a1f0a7a14b8,28/03/18 19:49,https://totalhash.cymru.com/
740,5157934a085d49685808b1431a014fa56830946a,28/03/18 19:49,https://totalhash.cymru.com/
741,7fbd28247f7cac1f0caeb70f775b1bd87a4fba35,28/03/18 19:43,https://totalhash.cymru.com/
742,2b386af73820155359e04db3e4f1e114a1ba7800,28/03/18 19:37,https://totalhash.cymru.com/
743,ca2ad29014c5d0c0686ae1a780cfb6b3e533e3d8,28/03/18 17:39,https://totalhash.cymru.com/
744,6315f7f3e7746466bdf0e7bebbfc2f79482a5efa,28/03/18 16:56,https://totalhash.cymru.com/
745,b47ea72d5573188adeb429f3e808276d7592eca0,28/03/18 15:32,https://totalhash.cymru.com/
746,06b3ae59ca3796dc656c83e69ff5ae20801df8a2,28/03/18 8:29,https://totalhash.cymru.com/
747,48c662f33acc5c2f07151e4c4a0e89d447adea60,28/03/18 4:36,https://totalhash.cymru.com/
748,60afe042b61b169fc2ab5093e19d8da5d54ee2a9,28/03/18 3:02,https://totalhash.cymru.com/
749,4bb0496b76aaeb8fbd05f14147fb7706b2b7468a,28/03/18 1:55,https://totalhash.cymru.com/
750,2c4c0dc58e17eef1dec44388f38e724278c35216,28/03/18 1:07,https://totalhash.cymru.com/
751,77cf3b0b55e65eba7610ad266d59742393d7258d,27/03/18 22:50,https://totalhash.cymru.com/
752,7fcf5b31568b678c762a33f7f3ce09faf758cee1,27/03/18 22:31,https://totalhash.cymru.com/
753,caa41faff1b528673a09a17e257db2964a405bfa,27/03/18 21:38,https://totalhash.cymru.com/
754,175d20ec46de947bc440e0f5498c0a66efb04e4e,27/03/18 21:04,https://totalhash.cymru.com/
755,7fe3bcd8a7f53d7a0a472cc4a25eb218c7dc0ade,27/03/18 20:57,https://totalhash.cymru.com/
757,6b83457c8d382e89a7face3b56546c9cf9e84da5,27/03/18 20:57,https://totalhash.cymru.com/
758,d34ddca6998123b631942bbe3fef37138d2e7db1,27/03/18 20:42,https://totalhash.cymru.com/
759,601392ce7f3fe0c4497aff564dff1c6dcfcb7ac2,27/03/18 20:41,https://totalhash.cymru.com/
760,5ecd1f34f7776015d98f99af3f9be1f23a5183cd,27/03/18 20:17,https://totalhash.cymru.com/
761,656a1c793a00aa8dd2c505200efd416d2004e1ca,27/03/18 20:06,https://totalhash.cymru.com/
762,35b08f39214d93992b006789001cd41b707d347b,27/03/18 19:25,https://totalhash.cymru.com/
763,8713f4dbad9c093338271a701471ef995e87b083,27/03/18 19:05,https://totalhash.cymru.com/
764,b9080b8475f7cc098f9c6409531384e58ab84275,27/03/18 16:30,https://totalhash.cymru.com/
765,ea866c6e7e6668a14abbf2a91d5404a021e9fe2b,27/03/18 7:28,https://totalhash.cymru.com/
766,f559ffb67f3e022c995d7510c0212d8555ba3933,27/03/18 0:44,https://totalhash.cymru.com/
767,034aac4047fc9453957360971a9f2860b098cbf9,26/03/18 22:40,https://totalhash.cymru.com/
768,5fe3c05576cf03c50cdd82f4d6e7d0dd859b8256,26/03/18 22:20,https://totalhash.cymru.com/
769,6be03c855c7b968691ea868c87bd46a31dc69fe0,26/03/18 21:53,https://totalhash.cymru.com/
770,25f2f34d04120b3b04454928ef92da4e205046db,26/03/18 13:44,https://totalhash.cymru.com/
771,bafb0a75b27a10b12f7fefac96870c2c95c4f2a0,26/03/18 4:19,https://totalhash.cymru.com/
772,fbc1d2df8315ec0ffa97427323fb4792265e1729,26/03/18 4:05,https://totalhash.cymru.com/
773,1c93cdcb28b890f1a4f8ac474ddc99bb5aff2032,26/03/18 3:01,https://totalhash.cymru.com/
774,2c6b8b732d96da26c6ca25a28ba65a9a3a9600a4,26/03/18 1:22,https://totalhash.cymru.com/
775,6da0f6fab46b518f901ae768ff29427e22fc4b0a,25/03/18 22:48,https://totalhash.cymru.com/
776,dc9881b306a75c7e5e715eefc075c54237df1535,25/03/18 22:42,https://totalhash.cymru.com/
778,c20c1f78dac6253df081a2d795439ab5efe91ce2,25/03/18 21:26,https://totalhash.cymru.com/
779,e6b77844ac4bbb184991d8cf758b8502f852c7f3,25/03/18 18:34,https://totalhash.cymru.com/
780,3e69310d5a0d5db1025ee9b6f966db43ad049a33,25/03/18 4:54,https://totalhash.cymru.com/
781,5e3778fc4cdc3eff96a01d6cbd6252dc9753a5a8,24/03/18 23:39,https://totalhash.cymru.com/
782,e5e4ba0add3275ef70deeb1350bea34444d78b97,24/03/18 22:55,https://totalhash.cymru.com/
783,b7f0d66acc29b8c982b5bc28c17745906fc33238,24/03/18 22:48,https://totalhash.cymru.com/
784,d2812fefa8944bf9a27cb79688a6a1f7235a53ec,24/03/18 22:41,https://totalhash.cymru.com/
785,0e26fc9774bdc954d7daa6e7be9721fb5964ec05,24/03/18 22:41,https://totalhash.cymru.com/
786,52327ec3a7fa601d9c96fdb947c4602744f2131a,24/03/18 22:05,https://totalhash.cymru.com/
787,5fa2cd57c3f65271c93bf8150b738f6f76791ab4,24/03/18 19:44,https://totalhash.cymru.com/
788,2e5a27c042349c53113ade50c7eed02ea0ff0a14,24/03/18 19:42,https://totalhash.cymru.com/
789,a66e9243c45e46d1501cc9eebf73ee1104b6db28,24/03/18 19:41,https://totalhash.cymru.com/
790,035c578b7d97cc09761947b41598eec5d6c68318,24/03/18 19:13,https://totalhash.cymru.com/
791,7c9beb6440e958b01df4cc20d3868b14c0efc897,24/03/18 19:09,https://totalhash.cymru.com/
792,aa04acbdfb59c88e9b90d3ea4a4dde2098af5da9,24/03/18 19:04,https://totalhash.cymru.com/
793,6f9ff6353e400e3c5ee8c51cdce84ada37296f49,23/03/18 23:00,https://totalhash.cymru.com/
794,a108fa135008085bad7cf6fc39b8be1035fbf12d,23/03/18 21:19,https://totalhash.cymru.com/
795,1b86222dbbeacf405806de949708bd3c9400d1ff,23/03/18 21:09,https://totalhash.cymru.com/
796,f36b70479f6f3f7b004bd444236b05d847439aad,23/03/18 20:52,https://totalhash.cymru.com/
797,9784ee0c0ba1ee9b7b97768aa4ea83e70bba0e01,23/03/18 19:19,https://totalhash.cymru.com/
799,ef2d5b3d89bf2bd23070845d637a0472143f3bfc,23/03/18 18:47,https://totalhash.cymru.com/
800,dd98556f59027607600abe7706d989e014f867ae,23/03/18 18:31,https://totalhash.cymru.com/
801,937b6839a7df628ceb639d6f63fad843577bde3e,23/03/18 15:48,https://totalhash.cymru.com/
802,dd44b57244763457eb47ace749114c62ef328c57,23/03/18 14:48,https://totalhash.cymru.com/
803,c051ca8cd32b8d7f00f143ca4cd5da8da34ca703,23/03/18 11:50,https://totalhash.cymru.com/
804,131b25215a23a9a8f1be2eaad2c1be0e074c24f4,23/03/18 11:49,https://totalhash.cymru.com/
805,174a595377d930721fb4a8327e576bdf04a6c3fd,23/03/18 7:03,https://totalhash.cymru.com/
806,8a48bee61899d9930b62eeccd4eab79ae0c72c00,23/03/18 6:13,https://totalhash.cymru.com/
807,8b8f8e3bc304f798aabda65ccab265c9a7a32a4e,23/03/18 2:23,https://totalhash.cymru.com/
808,0810ff62969f25bac580a4fc5ef37f0011678f95,22/03/18 22:18,https://totalhash.cymru.com/
809,192fe32c3a90edfa6be9e5fe14ae7138d0680eab,22/03/18 21:20,https://totalhash.cymru.com/
810,9889bd310e883d0a907ae9e7ca77a00dc5382fe0,22/03/18 20:39,https://totalhash.cymru.com/
811,91c47b783e983866b0b030bb5c08e03ccac5af20,22/03/18 18:37,https://totalhash.cymru.com/
812,e5e7286b3a3eb5ab51247a554e9c6bbef2b4e20c,22/03/18 18:36,https://totalhash.cymru.com/
813,cc492bc562844bbd9009e3df8b64eae5069f8961,22/03/18 18:06,https://totalhash.cymru.com/
814,d4400f18fce6f6c27e422818cc5d254a532ca038,22/03/18 17:25,https://totalhash.cymru.com/
815,e54519a2cce62018f29a2b75c24a5d5b53175f25,22/03/18 17:15,https://totalhash.cymru.com/
816,44e35b49a078b2a1c305ed3bbe5a374ebed68de3,22/03/18 16:39,https://totalhash.cymru.com/
817,77abbde7402ed94e9e97098d90adac2924f44ad2,22/03/18 16:19,https://totalhash.cymru.com/
818,73c383f02e70a6d80b80bcaf7f637ff473b4c7cf,22/03/18 16:18,https://totalhash.cymru.com/
820,8d97965753f9927b2d5cac88c96aaa3ac890b085,22/03/18 16:10,https://totalhash.cymru.com/
821,f88492e12120403cdcf3046c4bee48b75a8dbe78,22/03/18 5:30,https://totalhash.cymru.com/
822,4b83177ff0ef38df3ef2a33a87ebefa565150350,21/03/18 6:53,https://totalhash.cymru.com/
823,859691429bddbbb7a6af2be342961732ee453576,21/03/18 6:30,https://totalhash.cymru.com/
824,d0e2123ffa2c593e8acf46fb28647abe74495eb9,21/03/18 4:35,https://totalhash.cymru.com/
825,1ca8d31173993e48d4b68c8517e65ffd57faea5d,21/03/18 4:34,https://totalhash.cymru.com/
826,64aff9eba0b43a4e33bd28495ae4eccfeb42ac48,21/03/18 1:24,https://totalhash.cymru.com/
827,b9cf4cb199dea029a8d3f413ee242bb224f9b9f7,20/03/18 12:17,https://totalhash.cymru.com/
828,eb09515f370a5bdb3096d34ff17f261501dc8d5e,20/03/18 11:12,https://totalhash.cymru.com/
829,76129f28de868ab69d87ef8170e68c4d1841ffdb,20/03/18 10:39,https://totalhash.cymru.com/
830,883284cdf67c6caba577e421e69fa6645f48b828,20/03/18 10:17,https://totalhash.cymru.com/
831,3989ee7cba4a2abf3e4e024c3fcc5c5e5830e7b5,20/03/18 9:02,https://totalhash.cymru.com/
832,0ccd25679876890d19717bf98b9adb7ff7c1446c,20/03/18 8:53,https://totalhash.cymru.com/
833,d9a7828b8b8a3aa189ca699c974be59075c7ef33,20/03/18 6:56,https://totalhash.cymru.com/
834,1398fb8f3190410cc58f8130583b3743fad5eede,20/03/18 5:16,https://totalhash.cymru.com/
835,924872f6ed728741840c3c9353598e6d24af901a,20/03/18 5:08,https://totalhash.cymru.com/
836,218f2dbc2f24114c77d1e0eca71b751fbc2d173a,20/03/18 5:06,https://totalhash.cymru.com/
837,bdb8ef81a9967518ae6758510fbad6ffdeb80e52,20/03/18 3:54,https://totalhash.cymru.com/
838,bcb872df2f7adc62c76e85c13298bdc5ab687440,20/03/18 2:37,https://totalhash.cymru.com/
839,686ff6e25468721c418e2850f3dc49a46248476a,20/03/18 1:56,https://totalhash.cymru.com/
841,4febd8c9030d60b018881702c5ed3c26a5ba0689,19/03/18 13:12,https://totalhash.cymru.com/
842,52167b9ceca04123223233d02959a4e9db17bb03,19/03/18 12:52,https://totalhash.cymru.com/
843,a3d0e6859d218c6c9f070f20e832a728b7e7febd,19/03/18 6:07,https://totalhash.cymru.com/
844,a6e984a5ad935923ebf55c2a907951e7580ce681,18/03/18 20:52,https://totalhash.cymru.com/
845,7551187c54d25c143466d2c886381f2e1f3979e8,18/03/18 20:50,https://totalhash.cymru.com/
846,507de8d5cadc5e65dc0b7d1ad17d01edc6453c3b,18/03/18 17:58,https://totalhash.cymru.com/
847,ad52762a7dd8be6cdd07ca7b723e2b536212018b,18/03/18 17:37,https://totalhash.cymru.com/
848,32405bad63f003ae6648b358d147c46bb39f61a1,18/03/18 12:05,https://totalhash.cymru.com/
849,840e8172f6bd85e2a96f2c1029c03a11a5dcf5ae,18/03/18 3:53,https://totalhash.cymru.com/
850,5dc3c88bdbeadc05503a72d9edc7a78615775da5,18/03/18 3:26,https://totalhash.cymru.com/
851,97718a9a149c78a4a52498d4feb2cc977b3dd107,18/03/18 2:34,https://totalhash.cymru.com/
852,3e0283e818240df63d2fac8a97a74d65976aa198,18/03/18 2:31,https://totalhash.cymru.com/
853,e87fd94e233446be8715e3f58b8d046fa8eaf5b3,18/03/18 2:31,https://totalhash.cymru.com/
854,9fc705f259a31ef25989bea50a1d5b6687eb8cd0,18/03/18 1:52,https://totalhash.cymru.com/
855,d26ff9298db384236a529da8726466980369f5fe,18/03/18 1:38,https://totalhash.cymru.com/
856,31ee5f695218fa03d1a981aee031634bc810643d,18/03/18 1:35,https://totalhash.cymru.com/
857,06186520b2bd89cd0bbbd5bf1e00e704e2796d10,18/03/18 0:01,https://totalhash.cymru.com/
858,9d1160ca4292582bb5e6ff1ee971637215914284,17/03/18 21:30,https://totalhash.cymru.com/
859,d32d8ea0b2836979ea4e45f7eb4e06f5821ee007,17/03/18 19:28,https://totalhash.cymru.com/
860,289e3fdd07ea7fd847b1d2ec0e1b5699aed07ec4,17/03/18 17:10,https://totalhash.cymru.com/
862,8993cc4c598c12bc91b34008b4a2078ca2cfcfc5,17/03/18 2:07,https://totalhash.cymru.com/
863,2bb13291311006b5a603d7d3fa469e4039603277,16/03/18 21:05,https://totalhash.cymru.com/
864,6ee56f86a08ea8e13321c74a766f6b3fd9eed08f,16/03/18 20:23,https://totalhash.cymru.com/
865,d1caf239bfaf748f2251bed8114c14a011f1bf68,16/03/18 20:09,https://totalhash.cymru.com/
866,ed9a4d67a3a9a90b15c004ab3af8a7d4c86583c3,16/03/18 19:25,https://totalhash.cymru.com/
867,c49d582bffae2494358a5f146950a3358f88390f,16/03/18 19:13,https://totalhash.cymru.com/
868,50679947ad13370834fb74685120b9138ab7a591,16/03/18 17:33,https://totalhash.cymru.com/
869,dba773f7ade69cefc7b30377deeda35a1ee13e41,15/03/18 18:01,https://totalhash.cymru.com/
870,3e164382d00e571044fa4633bec371e2a753c838,15/03/18 3:40,https://totalhash.cymru.com/
871,56d1342333d3c8dd7633c95bc4cf28aa9269b4f4,15/03/18 2:45,https://totalhash.cymru.com/
872,1ec5053c4b4f70cab6eea183769d82760901182b,15/03/18 2:20,https://totalhash.cymru.com/
873,2b146cd36ae436d17f705f5354212ed12fce71c2,15/03/18 1:13,https://totalhash.cymru.com/
874,33fa605bcf089c3a21f39a015f1460ee627e1c58,15/03/18 1:12,https://totalhash.cymru.com/
875,ba9d1e71a84cce3bdda9580a62f781c4c0ffa8bf,15/03/18 0:22,https://totalhash.cymru.com/
876,d6a0fd1ec11b33a395d4ba5379ccaa7fcba807d2,15/03/18 0:09,https://totalhash.cymru.com/
877,ed2c455bdfd78fa6324c0dbfe29c4f1ba32b402c,14/03/18 23:42,https://totalhash.cymru.com/
878,d347a254c1e90c5e6ee7b495aad219bbea463f07,14/03/18 23:41,https://totalhash.cymru.com/
879,48c59e68d7afb2f0ba7e6f81b63a0579f8d82eb0,14/03/18 23:11,https://totalhash.cymru.com/
880,15265fdcc407683474fdeef5ee0e68a572b9f8e5,14/03/18 23:05,https://totalhash.cymru.com/
881,36a4ddd4e3db266605ee329359bf3563542489bb,14/03/18 22:10,https://totalhash.cymru.com/
883,7be1c4f23fa5465c66d188497a44d1a459eb08de,14/03/18 20:40,https://totalhash.cymru.com/
884,79cc8e31202f3573e2cbf47e9caea5fc6489d43d,14/03/18 18:36,https://totalhash.cymru.com/
885,c51d6514163d54211f6bcdc90d90db3f20f8e73e,14/03/18 12:19,https://totalhash.cymru.com/
886,3bae5a02af840aec5edacfbb867d0741dba04d00,14/03/18 11:46,https://totalhash.cymru.com/
887,afa901a21c413300bd5ed0a3b9e909d453983332,08/03/18 4:48,https://totalhash.cymru.com/
888,19257abacd1614d449013de0619bfad269ad85c8,07/03/18 4:35,https://totalhash.cymru.com/
889,f0ed4b8320d17991bff110ad512e38c458a3aec8,06/03/18 17:28,https://totalhash.cymru.com/
890,875459a061ce50ab21ab3cac99f9723b5b8e01e6,06/03/18 5:26,https://totalhash.cymru.com/
891,c13d8e0939b5d54e3364d91ec8341301b46e1b01,05/03/18 6:56,https://totalhash.cymru.com/
892,3698449c5f25991bf42f859c75b1ace4819eb62a,01/03/18 14:57,https://totalhash.cymru.com/
893,1dceba7a1424442cd0e317556940e0221995cac6,22/02/18 10:31,https://totalhash.cymru.com/
894,ae58db70496aaa5a648bad44350dcb4f88de06ee,21/02/18 5:38,https://totalhash.cymru.com/
895,2b47fec7df03f6fd528ae0e032843154352369e2,20/02/18 16:11,https://totalhash.cymru.com/
896,a180dfb46c9d6bee0a04d78416f38bdde2c704b7,20/02/18 5:24,https://totalhash.cymru.com/
897,27d290cfd4efe12e5d7ef694d6ab4d2655e993fc,20/02/18 0:50,https://totalhash.cymru.com/
898,fd715c111e160abfa588983f98ad2354bd434512,17/02/18 6:53,https://totalhash.cymru.com/
899,f609e952c558e7dd169a37ca1b60b609e9597443,17/02/18 6:17,https://totalhash.cymru.com/
900,1a8ddadc438f162d3c347ac6a2d3ded6995f52b8,17/02/18 1:44,https://totalhash.cymru.com/
901,6e85c5d0abd36c6505370582f54765934a241156,16/02/18 15:49,https://totalhash.cymru.com/
902,354be1ad22b01e60837b999f92004ed9b7c57e45,15/02/18 18:19,https://totalhash.cymru.com/
904,6a88e7b6892e76c9501c18824d78ef0289b17441,14/02/18 20:39,https://totalhash.cymru.com/
905,dc6a1aba02bd5a23018794b9e326510577d2743c,14/02/18 17:10,https://totalhash.cymru.com/
906,08b845275eba97873b0ec7bab385f395068ee170,14/02/18 13:54,https://totalhash.cymru.com/
907,e41faa9a1d5c0a9ac700f796943f093da843eac4,14/02/18 10:54,https://totalhash.cymru.com/
908,7bcf06997d3925bfcd63b2e3dc0aee7b06063910,14/02/18 9:12,https://totalhash.cymru.com/
909,d87eb1798b9a892710c9b2bdd728445b85e36549,14/02/18 9:09,https://totalhash.cymru.com/
910,ee82e83857bb1141b25f9b1d3bdbbf9f3aab2d36,14/02/18 9:09,https://totalhash.cymru.com/
911,49726f66664d1be8558b8ddbf79f5deff1fca6c1,13/02/18 23:26,https://totalhash.cymru.com/
912,e9dc7667f1f332700dccf86f44912ac1e6e4c2a4,12/02/18 23:30,https://totalhash.cymru.com/
913,91a7e8c206710d2901a16efd6c3b2bb5a0454c62,12/02/18 12:08,https://totalhash.cymru.com/
914,fc5a005b23f3b323816f2a54322b2b7a93399fe6,11/02/18 5:21,https://totalhash.cymru.com/
915,a071106e06762c9544e104ef22e9108ef2747869,10/02/18 2:49,https://totalhash.cymru.com/
916,1e536f061af798e734bff6bc394c78aff15cfb66,10/02/18 0:10,https://totalhash.cymru.com/
917,87eb26970faf706cbfe98054d6872c3e915214f4,09/02/18 10:10,https://totalhash.cymru.com/
918,3c98f06432febf3b606e71c0fabcda363963a3b7,08/02/18 22:02,https://totalhash.cymru.com/
919,b6912c64e8cf0e159bcbfc813e177e109778ea5a,08/02/18 1:49,https://totalhash.cymru.com/
920,4c26b242e3188fa50e587b0477c2d517028a38e0,07/02/18 23:40,https://totalhash.cymru.com/
921,3eb681416d988266ecfc171b4f48c6b3873d38ca,07/02/18 21:16,https://totalhash.cymru.com/
922,66e331b6c70cb760c516a659e16b44bb195d5ec2,07/02/18 4:06,https://totalhash.cymru.com/
923,6abe5d7ddc0d8a75f0ae7f4867210717994b9df8,07/02/18 3:08,https://totalhash.cymru.com/
925,ffad0c7ed218f6aaf48b534674b12c9bc1e07480,06/02/18 10:43,https://totalhash.cymru.com/
926,4a8ff04d958a05be860fa02a615126d506b2a5de,06/02/18 9:32,https://totalhash.cymru.com/
927,77922a5ae6b6b54700b1a8c70c151f9d4587ba5e,06/02/18 1:57,https://totalhash.cymru.com/
928,7147d9cd5a9fc34d717ef58cb5b11e8c1f6d3d94,05/02/18 21:14,https://totalhash.cymru.com/
929,5765ca7f05a787240ab1e5d5fcd633c8becb33e6,05/02/18 20:51,https://totalhash.cymru.com/
930,b2c42f9dbc87f25e8f798266bc06616202337bee,05/02/18 20:30,https://totalhash.cymru.com/
931,35b51f9bd08d7e68d81124eba4028e9182d07e58,05/02/18 4:33,https://totalhash.cymru.com/
932,f24cca03c6817b092d4ff6c201e131f523af6750,05/02/18 1:36,https://totalhash.cymru.com/
933,8d02ac164861d638f2929991e8fbf6156d913151,04/02/18 21:22,https://totalhash.cymru.com/
934,e10601f672f9e338dfb1b1e2da6857fc4fd4b22a,04/02/18 11:29,https://totalhash.cymru.com/
935,4ede2b18acc1487a51681d8b9e661079e4caef2a,04/02/18 9:50,https://totalhash.cymru.com/
936,f34555fe3808f2f345b8ed332fe46cdfb2c0c5e2,04/02/18 4:47,https://totalhash.cymru.com/
937,b03ae20461809aee0b6a21aaf9ba7566f2bbe97f,03/02/18 19:56,https://totalhash.cymru.com/
938,57455bff24745b9e4839b29c508608ec2fe181a2,03/02/18 15:11,https://totalhash.cymru.com/
939,ba64b526aab54da7d289df196bbd4219adf6036a,02/02/18 18:51,https://totalhash.cymru.com/
940,68396aea91e0cc22f32c4d08ef613cd46e9384c1,02/02/18 13:59,https://totalhash.cymru.com/
941,94045d056368c10cf0167da91d064970d041f741,02/02/18 12:22,https://totalhash.cymru.com/
942,f32e6b62cc3c33ab108ebbd301daabe2da970cbf,02/02/18 12:02,https://totalhash.cymru.com/
943,a8f723e737c6b5a216781662679377dcc5ea9a0e,02/02/18 10:13,https://totalhash.cymru.com/
944,5309bf3cc6129c076a4988e34e4c167ed212001c,02/02/18 10:12,https://totalhash.cymru.com/
946,2c2757228afc38b354665436e2a46b0f4a77a125,02/02/18 7:39,https://totalhash.cymru.com/
947,61b79780d65957552339c51f7bf4273192ac9b8c,02/02/18 0:05,https://totalhash.cymru.com/
948,1c03a60624609f2f7d3acbeead37f0d2ed650be5,01/02/18 23:24,https://totalhash.cymru.com/
949,86aab3bc8dfc543f1af62d98e2d3aea9e04b3348,01/02/18 18:01,https://totalhash.cymru.com/
950,1786111f266ecd5772159701990bb824295321dd,01/02/18 14:50,https://totalhash.cymru.com/
951,fad193e07e97fada9039111a2541ec2be529f632,09/10/15 13:17,https://totalhash.cymru.com/
952,b89024654f3c2e98b77020b79dd566714856d1e4,08/10/15 18:29,https://totalhash.cymru.com/
953,09a07698ffd0eb9ab2316b08d51b7655d93cc2df,30/09/15 18:36,https://totalhash.cymru.com/
954,a32f120ad5769ce43d80499359fccf49db7416a4,17/09/15 1:26,https://totalhash.cymru.com/
955,a055e8a7030b99463f145c85b363b4a898a390b3,16/09/15 18:18,https://totalhash.cymru.com/
956,153be32372b122e40c409c4df584eed545367166,16/09/15 16:16,https://totalhash.cymru.com/
957,0cf6746a25d4be2a2b093f60c9d3f227d1a0ce8e,15/09/15 7:23,https://totalhash.cymru.com/
958,91e94d1fbcca3c75ffa228e089d6f64636fa0e55,28/08/15 7:39,https://totalhash.cymru.com/
959,62b34c941784d8b95b3b749258accc79283ff294,01/08/15 15:54,https://totalhash.cymru.com/
960,739a1887dd4b5f5a4c1b09bd5dd5bd9286a434cc,21/07/15 23:51,https://totalhash.cymru.com/
961,1ec1169ce7cf2f3bc135add40edff58dd1535dda,15/07/15 21:55,https://totalhash.cymru.com/
962,4af2848774091dc3ae1af41d61d7f1365bad8169,13/07/15 17:56,https://totalhash.cymru.com/
963,9655375783b18bea4aadaeb6e875ad5c09dc3baf,13/07/15 11:06,https://totalhash.cymru.com/
964,dabcb2c2687e2a910096919c8c5cd691cd07c614,12/07/15 16:31,https://totalhash.cymru.com/
965,2fad8976950bd7afc36d8f6b1ccd1e02650828eb,12/07/15 15:03,https://totalhash.cymru.com/
966,c724739a794ed9c82eb638a1ce9654a9407d0a26,,https://totalhash.cymru.com/
967,409fded164d119219340501eae18ffca08335d02,01/07/15 19:28,https://totalhash.cymru.com/
968,58b1636efb6da62d22f909818b9ff7c3d23a8404,28/06/15 6:11,https://totalhash.cymru.com/
969,3a10d353b7cf7bd3ad44bb8313d339ed3644b17b,08/06/15 13:20,https://totalhash.cymru.com/
970,7f4a324aaf7d1870dcf4d1580dd6e14c6ad6987c,12/05/15 9:10,https://totalhash.cymru.com/
971,b4ea2e610b011bcc08497467a52011103c3c2407,11/05/15 23:58,https://totalhash.cymru.com/
972,82b8cb7377cc233aec420aad5bc9af266746afb7,09/05/15 10:26,https://totalhash.cymru.com/
973,168685fb352fc5473a719c14d8f2d4c5f2c9dced,07/05/15 13:58,https://totalhash.cymru.com/
974,efba6d8a172b0ce3ebb2cbadca7711c397d2f9d0,03/05/15 21:57,https://totalhash.cymru.com/
975,2a5213671a3356c9f0b407ac77b0edfb324aae9c,01/05/15 10:04,https://totalhash.cymru.com/
976,0037fabd63fdf4be6a2b0796bd166a77575bffd2,13/04/15 13:38,https://totalhash.cymru.com/
977,c7a6d952c631fbbfe1f729b81a2f97849b9da1eb,13/04/15 13:03,https://totalhash.cymru.com/
978,bfd9d05cb928388f65ca59a7046b16fa82ecfd86,11/04/15 13:27,https://totalhash.cymru.com/
979,86e450902ffcdf4aecd29bdec48a691bb0c5d209,10/04/15 16:19,https://totalhash.cymru.com/
980,7acc32a93acf6af6502acd07a579efc05570358d,10/04/15 14:30,https://totalhash.cymru.com/
981,1e59bcb1b87b633a28366eab327c284917b80833,08/04/15 17:01,https://totalhash.cymru.com/
982,b8198251d748c058b5702836c2d97c7e9f6139aa,07/04/15 13:42,https://totalhash.cymru.com/
983,a7a872ceaba973b8e1de44dd1c087efbbe142c5e,02/04/15 9:02,https://totalhash.cymru.com/
984,fb38c7305d2773df4b9622d98ba087920afd3a17,30/03/15 16:05,https://totalhash.cymru.com/
985,9d8ba195fe7b3a0f926fca9ebd6e8e313a3dea85,27/03/15 14:00,https://totalhash.cymru.com/
986,24c5e3f9df3bed12a45500aea53d2c57167757aa,27/03/15 2:36,https://totalhash.cymru.com/
987,113c7f5f6d290256f2ee40e2d541e2cab933dd56,,https://totalhash.cymru.com/
988,d4f007966c6752e3da757f07c5847fb422072b14,26/03/15 13:10,https://totalhash.cymru.com/
989,5e8e9f84df8f254b9466b74d5fee7c7b715fd16b,17/03/15 10:35,https://totalhash.cymru.com/
990,93064bf26c6b58ba9116de3a27a95a069907de2d,15/03/15 13:00,https://totalhash.cymru.com/
991,5abb7d8d86c430f4416d39e549f67b1f03a403a1,14/03/15 12:26,https://totalhash.cymru.com/
992,4fcfcb96731d777835e2bf1a31498a5994427faf,13/03/15 12:17,https://totalhash.cymru.com/
993,25bd1966741c696c999814c36f342ae934f6edf0,12/03/15 0:34,https://totalhash.cymru.com/
994,4fedeb7d1bf20003888bd235dd7ad02fe1d179d6,10/03/15 15:25,https://totalhash.cymru.com/
995,af8848ea78ec06d0282cf88866815bb8ea834bbd,07/03/15 4:14,https://totalhash.cymru.com/
996,d0793d424cad63bfb6b655acb7b2a190c1369e67,04/03/15 10:39,https://totalhash.cymru.com/
997,711df8caec54e02b777eb06390257289007233a5,24/02/15 18:30,https://totalhash.cymru.com/
998,8e42dd0dae586caa88d6ac497966e34d81d4679d,22/02/15 20:33,https://totalhash.cymru.com/
999,b17a4f74086a76ae45df5fd555647978f19deaf0,21/02/15 13:04,https://totalhash.cymru.com/
1000,7299aea4017e2a69cc8f2fd4aff3150267bdd29a,21/02/15 7:40,https://totalhash.cymru.com/
1001,484df9c7d90f1f6eb38ae83f4b168bd5326766a1,20/02/15 7:57,https://totalhash.cymru.com/
1002,dea79190a9aa1cf1f5f9446c4960514b4aa6f20e,19/02/15 19:57,https://totalhash.cymru.com/
1003,4effdd77a857b7acc5b166bc89ca45bb51376932,19/02/15 7:14,https://totalhash.cymru.com/
1004,919a33969d4fe8e3f9788f52432a3d71cc3d69e7,19/02/15 0:02,https://totalhash.cymru.com/
1005,76bfce457166388c332163b8bf6f2a53f83fdfba,10/02/15 6:21,https://totalhash.cymru.com/
1006,171d896e28bee546d5c6c735f27dd289fca95e9e,31/01/15 8:18,https://totalhash.cymru.com/
1007,17797d0a81ce53902ec0166e009012b94e6e914d,31/01/15 4:01,https://totalhash.cymru.com/
1008,0d53e9e58ed075b44a775e5bd22644775718c346,,https://totalhash.cymru.com/
1009,5bf83ac4006d841d079146556d3b30a32dcad80c,30/01/15 9:04,https://totalhash.cymru.com/
1010,84814ad56c322041d879b4105570a2eb5acd4eee,30/01/15 1:05,https://totalhash.cymru.com/
1011,defb5f83cd8d5cb0ca988d5817426bb89c359ea1,30/01/15 0:42,https://totalhash.cymru.com/
1012,fd20d806d9702873c00688024b3baea17b12aea9,29/01/15 23:46,https://totalhash.cymru.com/
1013,cb53169979560f6d37a1173744c87502020f4c33,29/01/15 22:16,https://totalhash.cymru.com/
1014,2a033625182551f7e4247871a16eb2a70f265548,28/01/15 15:17,https://totalhash.cymru.com/
1015,6f95934d55e3eff7d6ba8c7cc9f14ad67fc8c696,27/01/15 18:54,https://totalhash.cymru.com/
1016,b913febc0f10ad1e97c3a950e9b68f3e88a9255a,27/01/15 18:08,https://totalhash.cymru.com/
1017,572712dca61af6c9b9b2547cb0ebb90c517d9c93,25/01/15 0:42,https://totalhash.cymru.com/
1018,7338c3b2893c6a5246a6e80dfbe2b7df058a2810,21/01/15 4:31,https://totalhash.cymru.com/
1019,2bbdbfe596e4b739b5fbafb6e3d1490fc155e28e,16/01/15 19:37,https://totalhash.cymru.com/
1020,1e667a34f126399bff9fc188f9eb4fa6e49a5799,10/01/15 19:34,https://totalhash.cymru.com/
1021,1761408bf0852f6fe413e711f4f87a9a8743805e,22/12/14 23:29,https://totalhash.cymru.com/
1022,f16a24f3e4c23fef00cdd0de5038212e45c9a7b6,21/12/14 15:10,https://totalhash.cymru.com/
1023,6f82727e7178e261cf5580c44016f180cd5c53e7,19/12/14 6:34,https://totalhash.cymru.com/
1024,f8315977c696a4391f465befebb81b6ff1db6002,17/12/14 22:48,https://totalhash.cymru.com/
1025,8ab0d7276837b96bff42867fc7c09981c26727be,12/12/14 1:26,https://totalhash.cymru.com/
1026,35969ef00dc29bf7d8d3a5b9c436c087985d36b9,10/12/14 23:20,https://totalhash.cymru.com/
1027,35338a58e68de0d835d7cb49db82215ca5ebbbda,30/11/14 2:07,https://totalhash.cymru.com/
1028,84e5cbcf2d44aa525b76ca47131af3eaf81a2bc3,28/11/14 15:39,https://totalhash.cymru.com/
1029,d0e451e5a3c65454ff045c5b20000890fb070457,,https://totalhash.cymru.com/
1030,7b9a0e7198d89ee397391d2c9cbe75fd726770af,28/11/14 15:17,https://totalhash.cymru.com/
1031,180938e955acc7c546fc758bf88cd93a3c3e2473,28/11/14 14:38,https://totalhash.cymru.com/
1032,1b7d7935fb794dbbb37f4d7922e248bc268aa382,27/11/14 2:08,https://totalhash.cymru.com/
1033,03c76b449271ad3025920b7d725d69b80d07638e,26/11/14 11:10,https://totalhash.cymru.com/
1034,e8e2e280b9f01548653e5e7d80b97b0662827276,25/11/14 7:00,https://totalhash.cymru.com/
1035,4354beebea0f673d0966e5e43f4df3a6a0e5d74d,23/11/14 17:56,https://totalhash.cymru.com/
1036,49ac6438a824cca4618fc682d58dea669dc74b8b,23/11/14 5:30,https://totalhash.cymru.com/
1037,2b81ff517c07bec963f7b77722c5e949e7a1e67f,22/11/14 13:06,https://totalhash.cymru.com/
1038,e60acfc019d3be0a09c5e434f8ef0398aa79bfd9,22/11/14 12:14,https://totalhash.cymru.com/
1039,3cab5d24f41e77ec6f025fb08b01a5f8b8e35573,22/11/14 5:54,https://totalhash.cymru.com/
1040,2d01cd0e0bbb7e41deea766a456fa330d134a340,22/11/14 5:53,https://totalhash.cymru.com/
1041,650a1f8f0aec603ba943df7752834b031e758948,13/11/14 17:10,https://totalhash.cymru.com/
1042,de50a905ee2d5515a0fb3e54c9afd2316446e236,12/11/14 21:43,https://totalhash.cymru.com/
1043,56eb5010747f6553014e20182a8645a52343ce07,12/11/14 5:36,https://totalhash.cymru.com/
1044,6292a1462ca99dba7cf208bed30f1fb2bee33f08,04/11/14 9:46,https://totalhash.cymru.com/
1045,8d2b4c3fa6967dfd0dd1ff726017ce98bb833bbb,03/11/14 9:32,https://totalhash.cymru.com/
1046,a1b2d3414fa60be481e8f061cb6f69c4eb89bce0,02/11/14 22:17,https://totalhash.cymru.com/
1047,51d808b94be6a49d8f9fab88fedd01f59a765b4d,21/10/14 20:23,https://totalhash.cymru.com/
1048,a1000eb1d55d3b0e6606fdd93f2444637839b016,17/10/14 13:35,https://totalhash.cymru.com/
1049,e701a69d87a2ee195e97138482694d7a31d23923,11/10/14 1:04,https://totalhash.cymru.com/
1050,9cfcd1984205e678f4b10efcf2f94c67e6a3ceaa,,https://totalhash.cymru.com/
1051,499cf73aa843d298039a9e172d6ef951430ff6e4,09/10/14 14:37,https://totalhash.cymru.com/
1052,51bf57c6abee34c62eb0b932bc1d9386d2766840,09/10/14 12:25,https://totalhash.cymru.com/
1053,d0e9fc2d21b4b743b336895e59e86f4293803605,06/10/14 3:25,https://totalhash.cymru.com/
1054,cbf4fc0b7a41ded009ecf7dff5e576add74ab6d8,03/10/14 20:27,https://totalhash.cymru.com/
1055,3d3b1f4f1275e16c5c7432ebd0b5cd035a1b489a,03/10/14 0:45,https://totalhash.cymru.com/
1056,4477797e9d622c086b03e1d5aea8d907ea0368ce,22/09/14 5:08,https://totalhash.cymru.com/
1057,d0476df5129c14cb87fd5bea28a56a15dee31191,15/09/14 8:10,https://totalhash.cymru.com/
1058,5cef064cfc676ba727f8afe4c1ce581d17d3478b,13/09/14 22:22,https://totalhash.cymru.com/
1059,a1aa34fd549fe84c19a2a7922cbe2cc838fa8818,13/09/14 4:30,https://totalhash.cymru.com/
1060,755d798de890d530e929e137af2d871575f498fe,08/09/14 10:49,https://totalhash.cymru.com/
1061,b8c8b7ae2221c427a16fb9b599756f47eb143b68,03/09/14 20:26,https://totalhash.cymru.com/
1062,8201fb3c4c3d0357c59648ca8a078f3cd0afb79b,25/08/14 7:39,https://totalhash.cymru.com/
1063,92f3702c4efe490cedacabbc949ec6a4a1e3ca61,18/08/14 19:27,https://totalhash.cymru.com/
1064,8cc986cb660ea75223b6a579ad88e7386071036e,17/08/14 17:18,https://totalhash.cymru.com/
1065,986e56c204fe4ca684f2c3f053f4729127a26566,16/08/14 21:16,https://totalhash.cymru.com/
1066,b1e86f3a5fca800c0c526aa91f01bbcd6647a899,15/08/14 10:55,https://totalhash.cymru.com/
1067,fe0978147cc5fa56692146c5ef0dd58e23a6d381,14/08/14 2:46,https://totalhash.cymru.com/
1068,ed8694be834b8cad9a3d0f0d6d38ef0bd771919c,23/07/14 20:28,https://totalhash.cymru.com/
1069,b69aaa64cff35e276b59769665ca0f3744deda96,23/07/14 4:19,https://totalhash.cymru.com/
1070,54b9fea1b1e82bb5465a8887788953d66fa07e90,16/07/14 17:31,https://totalhash.cymru.com/
1071,03278044d5e19f6ef0d52a7e960559ecb20fa8e1,,https://totalhash.cymru.com/
1072,4aece089c163fba1176a9d859912a9c2042f4e6c,16/07/14 15:10,https://totalhash.cymru.com/
1073,ce677a0e6dab08b6812fdddc8ea2236a9be63e3b,13/07/14 21:09,https://totalhash.cymru.com/
1074,65b31ad8f25788500d4a68a3655c8aa361d78c2d,08/07/14 2:25,https://totalhash.cymru.com/
1075,ae1621909ce72654c997a889edd58ae386015b58,06/07/14 15:06,https://totalhash.cymru.com/
1076,b237018bd70909ad053d5933bcdd193e97773570,02/07/14 20:08,https://totalhash.cymru.com/
1077,a73e5a7d7a05173ae2f8e187959ba691f2d39baa,01/07/14 6:20,https://totalhash.cymru.com/
1078,e53a38a773bcdc7897485486df2d0cad456f8cd9,01/07/14 4:38,https://totalhash.cymru.com/
1079,9c569402ffb23dfbb40b6c5b20c7f6a79911f1b8,30/06/14 6:24,https://totalhash.cymru.com/
1080,8b494ac456f8bb94c0b4f00d8548725a6c2725d2,29/06/14 13:40,https://totalhash.cymru.com/
1081,4b3aecb70b070aeb53c5e80b4134d7ead3476592,29/06/14 10:54,https://totalhash.cymru.com/
1082,2615708e8b0d950afbfa4f54084c90a8e7cd6f17,29/06/14 1:09,https://totalhash.cymru.com/
1083,a77aa96c2b7a77497da799720f264e979e256804,28/06/14 14:32,https://totalhash.cymru.com/
1084,bc55d4fe52bf00419280fc1ad16a9f7a855251e6,28/06/14 13:49,https://totalhash.cymru.com/
1085,0dfbee412cbbc43181b4cc42a750f27767826cab,28/06/14 11:26,https://totalhash.cymru.com/
1086,a5d47bd1f6cfb51dbfcf8d1766741c12cfeeb8c7,27/06/14 20:44,https://totalhash.cymru.com/
1087,75fd1e59d39b623bc6d8ecb8a3aac68a3b8c3091,27/06/14 20:11,https://totalhash.cymru.com/
1088,94969c20609d23c04151abf0615c53f27228a0bd,27/06/14 14:19,https://totalhash.cymru.com/
1089,f2761202db01faec53fbe04caa034dade1331bf3,27/06/14 9:44,https://totalhash.cymru.com/
1090,9ff68b3f1a65ec363f823b6e8ab759906eebebd5,11/06/14 8:49,https://totalhash.cymru.com/
1091,52a36d1d52ff6e208ac98424feca3de2444d3f5c,10/06/14 15:55,https://totalhash.cymru.com/
1092,3a5680cb58f83ebae86dd8233d516c8817591d6e,,https://totalhash.cymru.com/
1093,8b279c6bf99702e90aefe911d1b99c7c82b16a11,08/06/14 13:40,https://totalhash.cymru.com/
1094,b5178bb3f81f7cd912a7ef3aafa227cafab60d38,07/06/14 9:33,https://totalhash.cymru.com/
1095,d6bb89821159dd61719eea0c8229b63ad8fcd203,19/04/14 4:29,https://totalhash.cymru.com/
1096,53b5c43f376b8640da5a73a0f28be5d5adcecd7f,13/03/14 12:30,https://totalhash.cymru.com/
1097,ab314da74009b49962ece4a16f975c75b56f024e,10/03/14 8:34,https://totalhash.cymru.com/
1098,e60383d31412a9e3ddd16ee8a623f983319c292b,07/03/14 22:54,https://totalhash.cymru.com/
1099,f77da91f46889be062fc91389da7f02eb5f5f3c1,06/03/14 3:49,https://totalhash.cymru.com/
1100,e96aa012d2e00636f58911f4898535ed8b77bc96,24/02/14 0:44,https://totalhash.cymru.com/
1101,88c565ae521ccf6c31d756b64cee3856ceccd0c1,22/02/14 10:17,https://totalhash.cymru.com/
1102,78a50098fc3bdc78ec4bf95cdc89c83ab39707d1,21/02/14 2:39,https://totalhash.cymru.com/
1103,8f75bd73908aa6abce8b22d5586097e59e10d362,16/02/14 8:10,https://totalhash.cymru.com/
1104,31ce98271c57c8d2d63c0c49c8495c45264b9d7f,09/02/14 21:23,https://totalhash.cymru.com/
1105,351824a95186a88dad79fbdb089f9e7ab9cd207e,29/01/14 3:58,https://totalhash.cymru.com/
1106,87106f7474a00f98fb2fc86d128f37541ade6c3b,24/01/14 17:22,https://totalhash.cymru.com/
1107,fc9b124c4838b1ca08e8f65df514e1edf7f4b7bd,23/01/14 14:03,https://totalhash.cymru.com/
1108,f7ef03d8b8f6f25f8d56b88d3dea45984efbf0db,22/01/14 12:13,https://totalhash.cymru.com/
1109,e989823afbeec8043b3d9dd1520b9fc328879edb,16/01/14 21:00,https://totalhash.cymru.com/
1110,eaca2b827ee04a41fcc49071b6d9d819de8a2efd,10/01/14 19:01,https://totalhash.cymru.com/
1111,2d4f7c482609ad940c5f613066425da68e292769,10/01/14 5:42,https://totalhash.cymru.com/
1112,5c8da4543a881040823048ff6ca8bd78462aff19,07/01/14 14:39,https://totalhash.cymru.com/
1113,9219bec64005227130265c472f77adb43acdd53d,,https://totalhash.cymru.com/
1114,482e7a0705191b36fd558ef7b3994ca6b4b39994,03/01/14 11:54,https://totalhash.cymru.com/
1115,e3810c6c587358a16750727657af391424467dd4,02/01/14 1:26,https://totalhash.cymru.com/
1116,2fa54397ddca857f76e1cae6dab4695f2d766069,02/01/14 0:12,https://totalhash.cymru.com/
1117,8bc9bec1c0138b025e37580b6279b14dfb06b72f,26/12/13 13:31,https://totalhash.cymru.com/
1118,819e60fe3c473238bc13c6ab0acbfe66f56b822b,19/12/13 15:18,https://totalhash.cymru.com/
1119,058fcd2734b97ab4e0357e41c366d084937fd981,17/12/13 1:57,https://totalhash.cymru.com/
1120,07b57a29199286f45525cbc2584213af9b710161,14/12/13 17:42,https://totalhash.cymru.com/
1121,979b1b52618b34aae4566714c3419209178bdfcc,06/12/13 19:38,https://totalhash.cymru.com/
1122,545db3ec7a02f96346fcc88fbc507621f22446d6,05/12/13 21:04,https://totalhash.cymru.com/
1123,4984be5fb122367f4ca4890b462aae9a16037f88,27/11/13 9:52,https://totalhash.cymru.com/
1124,4aa27a49430d609edccb6facb1350c0ed5a89cea,22/11/13 10:48,https://totalhash.cymru.com/
1125,ebe9f003b9d98194d3dc7009c55ce6ab6dcad814,08/11/13 23:18,https://totalhash.cymru.com/
1126,fd6611b6b137772f31cfbdcc307f12bdf9e43975,04/11/13 13:04,https://totalhash.cymru.com/
1127,6e3d25027e271e3e4cc489d22010bb0f6c5283d7,23/10/13 2:47,https://totalhash.cymru.com/
1128,66390bb3fa903e670fd1f4de3c53582ccfc6f5cd,19/10/13 11:53,https://totalhash.cymru.com/
1129,c18653543a4d30fcbc224bac56da871ca16566c6,11/10/13 9:52,https://totalhash.cymru.com/
1130,842e4d5f84c1159f90ec7a2cdef94488d02bf6e2,01/10/13 11:09,https://totalhash.cymru.com/
1131,ea74f5471c28e75984a0462c6477c24adfb4958c,29/09/13 20:47,https://totalhash.cymru.com/
1132,7e8dac050cebaadc25d74ca8ad1729b82e2bbaf8,26/09/13 20:45,https://totalhash.cymru.com/
1133,d7da396e0b639662e3b00f200fc515eef05275ac,19/09/13 11:56,https://totalhash.cymru.com/
1134,7edd21f650f63feb5b1485105c1e550d7db0c8a6,,https://totalhash.cymru.com/
1135,8f09e9845454156dffd45bdff7b6c56ce043b90a,19/09/13 4:34,https://totalhash.cymru.com/
1136,d673e9d48c84448e99e45692649a9e87d6d65c33,18/09/13 12:58,https://totalhash.cymru.com/
1137,8225cea55043724ebda689d19f28036e1dcdc8a4,13/09/13 20:01,https://totalhash.cymru.com/
1138,14d268297aa4ccebdf0e220cdfd9c7c38aead22c,13/09/13 15:30,https://totalhash.cymru.com/
1139,833a3a8bd45b4470a27cf07a323db51ebd064d5f,11/09/13 8:25,https://totalhash.cymru.com/
1140,f9d990fe41c44b82a8595126fa9ed646f154fd2a,09/09/13 7:06,https://totalhash.cymru.com/
1141,80196c6db03ebb4f3e4d67cdfbf9ab5bb43f9ed4,09/09/13 5:26,https://totalhash.cymru.com/
1142,a4ce2ccca4316f232273b6a1aa9e13c98769520e,03/09/13 0:42,https://totalhash.cymru.com/
1143,5962f71324f71d6366a3265ddb29c489fd58f528,02/09/13 5:45,https://totalhash.cymru.com/
1144,5789d115100ea67c191a41884bfea7ff84541f80,01/09/13 9:51,https://totalhash.cymru.com/
1145,e25df6f21cea3f19ee845790106528ae3bbc2fed,01/09/13 4:58,https://totalhash.cymru.com/
1146,3cff3317beb09b0373d0567a16cb94f445493571,30/08/13 0:19,https://totalhash.cymru.com/
1147,73a3dc6a877f7e40570f0e33002a3957c2f6574d,29/08/13 9:49,https://totalhash.cymru.com/
1148,39f424cbaee72c18e0ee9918da00cd6d1bae5c41,27/08/13 20:53,https://totalhash.cymru.com/